Order ID,Date,Customer ID,Customer Segment,Region,Channel,Product,Category,Quantity,Unit Price,Discount,Revenue,Profit,Profit Margin,Month,Month Num
ORD-000001,2025-11-14,CUST-0304,Premium,East,Marketplace,Mouse,Accessories,1,1083.44,0.05,1029.27,453.96,0.44105045323384534,Nov,11
ORD-000002,2025-02-15,CUST-0328,Budget,West,Marketplace,Monitor,Electronics,1,18600.76,0.15,15810.65,2548.3,0.1611761692277041,Feb,2
ORD-000003,2025-02-05,CUST-0369,Budget,North,Marketplace,Smartwatch,Lifestyle,1,7757.27,0.0,7757.27,3335.63,0.43000050275419055,Feb,2
ORD-000004,2025-11-16,CUST-0020,Budget,North,Mobile App,Headphones,Accessories,1,3412.0,0.1,3070.8,948.54,0.30889019148104724,Nov,11
ORD-000005,2025-01-07,CUST-0022,Regular,North,Marketplace,Smartphone,Electronics,2,32820.59,0.0,65641.17,14441.06,0.22000003960928788,Jan,1
ORD-000006,2025-02-14,CUST-0267,Premium,North,Website,Smartwatch,Lifestyle,1,7769.9,0.05,7381.4,2867.09,0.3884208957650311,Feb,2
ORD-000007,2025-03-16,CUST-0201,Premium,North,Marketplace,Monitor,Electronics,1,18288.26,0.0,18288.26,5852.24,0.3199998250243599,Mar,3
ORD-000008,2025-04-23,CUST-0128,Regular,North,Mobile App,Laptop,Electronics,1,64768.07,0.0,64768.07,17487.38,0.2700000169836773,Apr,4
ORD-000009,2025-10-26,CUST-0250,Budget,South,Website,Backpack,Lifestyle,4,3045.91,0.1,10965.27,4605.41,0.4199996899301157,Oct,10
ORD-000010,2025-04-23,CUST-0340,Regular,East,Mobile App,Keyboard,Accessories,1,2452.26,0.15,2084.42,654.75,0.3141161570125023,Apr,4
ORD-000011,2025-07-16,CUST-0198,Regular,South,Website,Laptop,Electronics,1,68602.03,0.1,61741.83,10153.1,0.16444442932773454,Jul,7
ORD-000012,2025-07-19,CUST-0211,Budget,North,Mobile App,Smartphone,Electronics,4,32690.95,0.15,111149.22,4838.26,0.04352941028286118,Jul,7
ORD-000013,2025-07-20,CUST-0322,Regular,South,Website,Headphones,Accessories,2,3763.34,0.0,7526.68,3010.67,0.3999997342785929,Jul,7
ORD-000014,2025-05-11,CUST-0320,Budget,North,Marketplace,Monitor,Electronics,1,17068.84,0.15,14508.52,2338.43,0.1611763294946693,May,5
ORD-000015,2025-08-24,CUST-0162,Regular,South,Mobile App,Smartwatch,Lifestyle,1,8459.95,0.0,8459.95,3637.78,0.4300001773060124,Aug,8
ORD-000016,2025-06-03,CUST-0392,Budget,West,Website,Backpack,Lifestyle,1,2932.01,0.1,2638.81,1108.3,0.41999992420826054,Jun,6
ORD-000017,2025-09-29,CUST-0087,Budget,West,Website,Mouse,Accessories,1,1243.61,0.15,1057.07,369.35,0.349409216040565,Sep,9
ORD-000018,2025-10-04,CUST-0209,Premium,West,Website,Monitor,Electronics,1,18287.29,0.1,16458.56,3620.88,0.21999980557229792,Oct,10
ORD-000019,2025-09-28,CUST-0213,Regular,East,Marketplace,Monitor,Electronics,1,16197.68,0.05,15387.8,4195.2,0.2726315652659899,Sep,9
ORD-000020,2025-04-14,CUST-0081,Budget,West,Website,Office Chair,Furniture,2,11716.88,0.0,23433.76,7967.48,0.34000006827756196,Apr,4
ORD-000021,2025-03-16,CUST-0057,Regular,North,Mobile App,Keyboard,Accessories,2,2606.86,0.05,4953.04,2028.14,0.40947377772034954,Mar,3
ORD-000022,2025-05-28,CUST-0265,Regular,South,Website,Backpack,Lifestyle,2,3018.84,0.05,5735.79,2650.54,0.4621054815465699,May,5
ORD-000023,2025-06-11,CUST-0232,Regular,East,Mobile App,Backpack,Lifestyle,2,2753.5,0.1,4956.29,2081.64,0.4199996368251252,Jun,6
ORD-000024,2025-10-10,CUST-0222,Budget,West,Mobile App,Backpack,Lifestyle,1,2899.77,0.1,2609.8,1096.11,0.41999770097325456,Oct,10
ORD-000025,2025-12-26,CUST-0106,Budget,North,Website,Office Chair,Furniture,1,11843.41,0.1,10659.07,2581.86,0.24222188239686954,Dec,12
ORD-000026,2025-12-31,CUST-0088,Regular,North,Mobile App,Office Chair,Furniture,1,12708.23,0.0,12708.23,4320.8,0.34000014164049597,Dec,12
ORD-000027,2025-06-10,CUST-0107,Budget,West,Mobile App,Mouse,Accessories,1,1323.86,0.0,1323.86,635.45,0.4799978849727313,Jun,6
ORD-000028,2025-04-02,CUST-0141,Premium,South,Website,Keyboard,Accessories,1,2686.71,0.15,2283.71,717.35,0.3141160655249572,Apr,4
ORD-000029,2025-07-25,CUST-0122,Regular,South,Website,Headphones,Accessories,2,3613.68,0.05,6865.99,2450.07,0.35684147515507597,Jul,7
ORD-000030,2025-04-14,CUST-0074,Budget,East,Website,Smartwatch,Lifestyle,2,8004.96,0.1,14408.92,4931.05,0.342222040236187,Apr,4
ORD-000031,2025-05-17,CUST-0277,Budget,East,Mobile App,Backpack,Lifestyle,1,2605.25,0.0,2605.25,1302.63,0.5000019192016122,May,5
ORD-000032,2025-01-13,CUST-0222,Budget,West,Marketplace,Backpack,Lifestyle,1,2917.56,0.1,2625.8,1102.84,0.42000152334526614,Jan,1
ORD-000033,2025-09-26,CUST-0058,Budget,East,Marketplace,Backpack,Lifestyle,1,2495.07,0.1,2245.56,943.14,0.42000213755143484,Sep,9
ORD-000034,2025-07-29,CUST-0135,Budget,East,Mobile App,Keyboard,Accessories,1,2392.69,0.0,2392.69,1076.71,0.44999979103017945,Jul,7
ORD-000035,2025-07-28,CUST-0049,Budget,North,Website,Office Chair,Furniture,2,11777.53,0.1,21199.56,5135.0,0.242222008381306,Jul,7
ORD-000036,2025-04-17,CUST-0185,Budget,South,Website,Smartphone,Electronics,2,33337.09,0.15,56673.06,2466.94,0.04352932416213277,Apr,4
ORD-000037,2025-02-23,CUST-0157,Regular,East,Website,Headphones,Accessories,2,3509.86,0.0,7019.72,2807.89,0.40000028491164885,Feb,2
ORD-000038,2025-05-17,CUST-0082,Regular,South,Mobile App,Smartwatch,Lifestyle,3,8347.22,0.05,23789.58,9240.37,0.3884208968800626,May,5
ORD-000039,2025-02-17,CUST-0126,Premium,East,Website,Smartphone,Electronics,2,31577.71,0.15,53682.11,2336.75,0.04352939927286763,Feb,2
ORD-000040,2025-01-01,CUST-0230,Regular,North,Mobile App,Smartphone,Electronics,2,33658.11,0.0,67316.22,14809.57,0.22000002376841718,Jan,1
ORD-000041,2025-06-15,CUST-0040,Regular,East,Mobile App,Laptop,Electronics,1,61984.09,0.0,61984.09,16735.7,0.2699999306273594,Jun,6
ORD-000042,2025-10-08,CUST-0245,Budget,South,Website,Office Chair,Furniture,2,12237.36,0.1,22027.24,5335.49,0.2422223574083725,Oct,10
ORD-000043,2025-10-30,CUST-0049,Budget,North,Website,Headphones,Accessories,1,3687.81,0.1,3319.03,1025.21,0.30888844029731577,Oct,10
ORD-000044,2025-11-24,CUST-0181,Budget,West,Marketplace,Keyboard,Accessories,3,2541.26,0.1,6861.4,2500.6,0.3644445739936456,Nov,11
ORD-000045,2025-11-19,CUST-0241,Budget,East,Website,Monitor,Electronics,2,17295.95,0.0,34591.9,11069.41,0.32000005781700336,Nov,11
ORD-000046,2025-07-22,CUST-0306,Premium,North,Marketplace,Backpack,Lifestyle,3,2695.66,0.1,7278.28,3056.88,0.42000032974823726,Jul,7
ORD-000047,2025-06-25,CUST-0200,Budget,East,Mobile App,Desk,Furniture,3,15387.28,0.1,41545.66,10986.52,0.264444469049234,Jun,6
ORD-000048,2025-09-22,CUST-0137,Regular,South,Website,Monitor,Electronics,1,18368.21,0.15,15612.98,2516.45,0.16117679008107355,Sep,9
ORD-000049,2025-11-13,CUST-0023,Regular,East,Website,Desk,Furniture,2,14029.75,0.05,26656.53,8389.79,0.31473676431253433,Nov,11
ORD-000050,2025-06-02,CUST-0171,Regular,North,Marketplace,Mouse,Accessories,3,1135.78,0.2,2725.88,804.14,0.2950019810116366,Jun,6
ORD-000051,2025-04-16,CUST-0213,Regular,East,Website,Laptop,Electronics,1,60967.75,0.15,51822.59,5304.19,0.10235285422824293,Apr,4
ORD-000052,2025-07-22,CUST-0289,Regular,South,Mobile App,Mouse,Accessories,1,1347.66,0.15,1145.51,400.26,0.3494164171417098,Jul,7
ORD-000053,2025-01-11,CUST-0120,Regular,East,Website,Desk,Furniture,2,14271.37,0.0,28542.74,10275.39,0.3600001261266437,Jan,1
ORD-000054,2025-04-11,CUST-0388,Regular,South,Website,Smartwatch,Lifestyle,2,8481.18,0.0,16962.35,7293.81,0.42999997052295236,Apr,4
ORD-000055,2025-05-20,CUST-0214,Budget,North,Marketplace,Smartphone,Electronics,1,30112.02,0.05,28606.42,4787.81,0.1673683739524205,May,5
ORD-000056,2025-06-01,CUST-0062,Budget,South,Website,Office Chair,Furniture,1,13290.22,0.0,13290.22,4518.67,0.33999963883216383,Jun,6
ORD-000057,2025-03-11,CUST-0208,Premium,East,Marketplace,Monitor,Electronics,1,16300.62,0.05,15485.59,4221.86,0.2726315238876917,Mar,3
ORD-000058,2025-07-02,CUST-0113,Budget,East,Mobile App,Backpack,Lifestyle,3,2828.15,0.05,8060.22,3724.67,0.4621052527102238,Jul,7
ORD-000059,2025-09-13,CUST-0090,Regular,West,Website,Backpack,Lifestyle,1,2898.72,0.1,2608.84,1095.71,0.4199989267260545,Sep,9
ORD-000060,2025-02-16,CUST-0307,Regular,West,Marketplace,Mouse,Accessories,3,1252.28,0.0,3756.84,1803.28,0.4799991482203128,Feb,2
ORD-000061,2025-01-27,CUST-0221,Premium,North,Mobile App,Mouse,Accessories,3,1232.25,0.0,3696.74,1774.44,0.48000129844132944,Jan,1
ORD-000062,2025-12-15,CUST-0286,Budget,East,Website,Monitor,Electronics,2,16358.66,0.05,31081.44,8473.78,0.2726315125682723,Dec,12
ORD-000063,2025-03-24,CUST-0272,Regular,West,Marketplace,Backpack,Lifestyle,1,2897.67,0.1,2607.9,1095.32,0.4200007669005713,Mar,3
ORD-000064,2025-08-04,CUST-0089,Premium,East,Website,Headphones,Accessories,4,3551.21,0.1,12784.37,3948.95,0.30888890105652445,Aug,8
ORD-000065,2025-08-24,CUST-0035,Regular,South,Mobile App,Mouse,Accessories,3,1233.37,0.0,3700.12,1776.06,0.4800006486276121,Aug,8
ORD-000066,2025-01-20,CUST-0386,Regular,South,Marketplace,Office Chair,Furniture,1,12302.86,0.0,12302.86,4182.97,0.33999980492340803,Jan,1
ORD-000067,2025-08-08,CUST-0132,Budget,South,Marketplace,Smartwatch,Lifestyle,1,8058.76,0.2,6447.01,1498.93,0.23250002714436616,Aug,8
ORD-000068,2025-09-17,CUST-0239,Budget,North,Mobile App,Backpack,Lifestyle,1,3021.05,0.0,3021.05,1510.53,0.5000016550537064,Sep,9
ORD-000069,2025-01-27,CUST-0181,Budget,West,Marketplace,Backpack,Lifestyle,1,2733.94,0.1,2460.54,1033.43,0.4200013005275265,Jan,1
ORD-000070,2025-02-25,CUST-0060,Budget,South,Website,Backpack,Lifestyle,2,2777.83,0.0,5555.65,2777.83,0.5000008999847003,Feb,2
ORD-000071,2025-05-20,CUST-0304,Premium,East,Website,Smartphone,Electronics,1,31435.25,0.2,25148.2,-754.45,-0.030000159057109455,May,5
ORD-000072,2025-05-11,CUST-0319,Budget,West,Marketplace,Monitor,Electronics,1,17738.92,0.05,16851.98,4594.38,0.2726314652640224,May,5
ORD-000073,2025-10-30,CUST-0360,Regular,North,Mobile App,Smartwatch,Lifestyle,1,8282.49,0.05,7868.37,3056.24,0.38842098172810885,Oct,10
ORD-000074,2025-05-23,CUST-0295,Regular,East,Mobile App,Keyboard,Accessories,1,2586.7,0.1,2328.03,848.44,0.3644454753589945,May,5
ORD-000075,2025-01-22,CUST-0289,Regular,South,Marketplace,Keyboard,Accessories,2,2672.31,0.0,5344.61,2405.08,0.45000102907415135,Jan,1
ORD-000076,2025-09-25,CUST-0118,Regular,East,Marketplace,Smartwatch,Lifestyle,1,7271.96,0.05,6908.36,2683.35,0.3884206960841647,Sep,9
ORD-000077,2025-04-07,CUST-0178,Regular,South,Marketplace,Smartphone,Electronics,1,31573.58,0.1,28416.22,3094.21,0.10888886699216152,Apr,4
ORD-000078,2025-11-17,CUST-0261,Regular,South,Marketplace,Laptop,Electronics,2,67476.79,0.0,134953.57,36437.46,0.269999971101172,Nov,11
ORD-000079,2025-03-05,CUST-0062,Budget,South,Marketplace,Smartwatch,Lifestyle,1,8111.86,0.2,6489.49,1508.81,0.23250055089074798,Mar,3
ORD-000080,2025-03-11,CUST-0266,Budget,East,Website,Keyboard,Accessories,1,2259.2,0.0,2259.2,1016.64,0.45,Mar,3
ORD-000081,2025-07-08,CUST-0390,Regular,South,Website,Keyboard,Accessories,1,2508.05,0.0,2508.05,1128.62,0.4499990032096648,Jul,7
ORD-000082,2025-10-02,CUST-0259,Budget,East,Website,Desk,Furniture,2,13546.6,0.1,24383.88,6448.18,0.26444437882732363,Oct,10
ORD-000083,2025-05-26,CUST-0099,Budget,East,Website,Laptop,Electronics,1,65922.16,0.0,65922.16,17798.98,0.26999995145790123,May,5
ORD-000084,2025-10-18,CUST-0178,Regular,South,Marketplace,Mouse,Accessories,1,1240.26,0.1,1116.23,444.01,0.39777644392284744,Oct,10
ORD-000085,2025-03-08,CUST-0304,Premium,East,Website,Monitor,Electronics,1,17688.58,0.05,16804.15,4581.34,0.27263146306120806,Mar,3
ORD-000086,2025-11-07,CUST-0210,Regular,West,Mobile App,Smartphone,Electronics,3,32577.82,0.15,83073.44,3616.14,0.0435294361230256,Nov,11
ORD-000087,2025-03-24,CUST-0363,Budget,West,Marketplace,Monitor,Electronics,2,18283.63,0.05,34738.9,9470.92,0.2726315456160097,Mar,3
ORD-000088,2025-09-21,CUST-0145,Regular,East,Marketplace,Laptop,Electronics,2,64187.42,0.1,115537.35,18999.48,0.16444448483542334,Sep,9
ORD-000089,2025-11-23,CUST-0055,Regular,East,Mobile App,Office Chair,Furniture,1,11635.4,0.2,9308.32,1117.0,0.12000017188923458,Nov,11
ORD-000090,2025-07-22,CUST-0333,Regular,North,Website,Laptop,Electronics,2,65106.73,0.0,130213.45,35157.63,0.26999998848045265,Jul,7
ORD-000091,2025-10-09,CUST-0324,Regular,North,Marketplace,Smartphone,Electronics,3,29752.93,0.15,75869.97,3302.58,0.043529475496036175,Oct,10
ORD-000092,2025-09-24,CUST-0398,Budget,South,Mobile App,Smartwatch,Lifestyle,2,8327.42,0.1,14989.36,5129.69,0.34222208286411154,Sep,9
ORD-000093,2025-12-24,CUST-0278,Premium,East,Website,Smartphone,Electronics,1,29641.21,0.05,28159.15,4712.95,0.1673683332060804,Dec,12
ORD-000094,2025-05-14,CUST-0020,Budget,North,Website,Mouse,Accessories,1,1178.03,0.0,1178.03,565.45,0.47999626495080777,May,5
ORD-000095,2025-11-27,CUST-0169,Regular,North,Mobile App,Backpack,Lifestyle,1,2776.43,0.2,2221.14,710.77,0.32000234114013526,Nov,11
ORD-000096,2025-06-06,CUST-0004,Budget,West,Mobile App,Keyboard,Accessories,1,2568.71,0.1,2311.84,842.54,0.3644456363762198,Jun,6
ORD-000097,2025-01-02,CUST-0286,Budget,East,Website,Laptop,Electronics,1,64801.58,0.1,58321.42,9590.63,0.16444438424167312,Jan,1
ORD-000098,2025-08-24,CUST-0244,Regular,South,Marketplace,Headphones,Accessories,1,3535.86,0.15,3005.48,767.28,0.25529366357453714,Aug,8
ORD-000099,2025-01-19,CUST-0307,Regular,West,Website,Desk,Furniture,3,14599.1,0.1,39417.56,10423.75,0.26444432379883487,Jan,1
ORD-000100,2025-02-05,CUST-0385,Budget,North,Marketplace,Mouse,Accessories,1,1226.74,0.05,1165.4,514.0,0.44105028316457867,Feb,2
ORD-000101,2025-11-24,CUST-0096,Regular,East,Marketplace,Mouse,Accessories,1,1107.3,0.0,1107.3,531.5,0.4799963876095006,Nov,11
ORD-000102,2025-04-05,CUST-0236,Budget,East,Website,Smartwatch,Lifestyle,1,7398.0,0.15,6288.3,1827.3,0.2905872811411669,Apr,4
ORD-000103,2025-01-30,CUST-0022,Regular,North,Website,Smartwatch,Lifestyle,2,7950.88,0.0,15901.76,6837.75,0.4299995723743787,Jan,1
ORD-000104,2025-03-22,CUST-0317,Regular,North,Website,Desk,Furniture,1,14673.51,0.1,13206.16,3492.3,0.26444477425686197,Mar,3
ORD-000105,2025-07-17,CUST-0380,Budget,East,Marketplace,Backpack,Lifestyle,1,2585.4,0.1,2326.86,977.28,0.4199994842835409,Jul,7
ORD-000106,2025-07-22,CUST-0046,Regular,South,Website,Laptop,Electronics,1,70160.04,0.0,70160.04,18943.21,0.26999998859749796,Jul,7
ORD-000107,2025-04-15,CUST-0254,Regular,East,Mobile App,Keyboard,Accessories,3,2556.12,0.1,6901.51,2515.22,0.3644448823518331,Apr,4
ORD-000108,2025-06-30,CUST-0082,Regular,South,Website,Monitor,Electronics,3,18834.95,0.05,53679.61,14634.76,0.27263163797203444,Jun,6
ORD-000109,2025-11-06,CUST-0305,Regular,South,Website,Keyboard,Accessories,1,2781.77,0.1,2503.59,912.42,0.3644446574718704,Nov,11
ORD-000110,2025-12-01,CUST-0200,Budget,East,Website,Headphones,Accessories,1,3356.87,0.15,2853.34,728.44,0.2552937960425326,Dec,12
ORD-000111,2025-04-25,CUST-0231,Regular,North,Marketplace,Keyboard,Accessories,1,2569.39,0.05,2440.92,999.49,0.4094726578503187,Apr,4
ORD-000112,2025-05-25,CUST-0277,Budget,East,Mobile App,Desk,Furniture,2,15132.99,0.05,28752.68,9049.53,0.31473692191475716,May,5
ORD-000113,2025-04-16,CUST-0369,Budget,North,Mobile App,Desk,Furniture,2,15449.14,0.1,27808.45,7353.79,0.26444444044885634,Apr,4
ORD-000114,2025-06-24,CUST-0085,Regular,South,Website,Smartwatch,Lifestyle,1,8529.15,0.1,7676.24,2626.98,0.34222223380196554,Jun,6
ORD-000115,2025-06-16,CUST-0362,Regular,West,Marketplace,Smartphone,Electronics,1,30848.39,0.15,26221.13,1141.39,0.04352939785585137,Jun,6
ORD-000116,2025-10-09,CUST-0191,Budget,West,Website,Headphones,Accessories,1,3552.92,0.1,3197.63,987.71,0.30888814528259995,Oct,10
ORD-000117,2025-09-19,CUST-0287,Budget,West,Website,Desk,Furniture,1,15657.07,0.05,14874.21,4681.46,0.3147367154289203,Sep,9
ORD-000118,2025-07-08,CUST-0144,Budget,East,Marketplace,Laptop,Electronics,4,57943.24,0.0,231772.97,62578.7,0.26999999180232276,Jul,7
ORD-000119,2025-07-22,CUST-0300,Regular,West,Marketplace,Backpack,Lifestyle,1,2931.28,0.2,2345.03,750.41,0.32000017057351077,Jul,7
ORD-000120,2025-10-18,CUST-0109,Premium,North,Website,Desk,Furniture,1,15350.11,0.05,14582.6,4589.68,0.31473674104754984,Oct,10
ORD-000121,2025-02-25,CUST-0244,Regular,South,Mobile App,Monitor,Electronics,1,20204.08,0.05,19193.87,5232.86,0.2726318350598394,Feb,2
ORD-000122,2025-10-19,CUST-0321,Premium,North,Website,Laptop,Electronics,1,65072.78,0.05,61819.14,13600.21,0.2199999870590241,Oct,10
ORD-000123,2025-10-12,CUST-0116,Regular,East,Marketplace,Smartphone,Electronics,3,31417.22,0.2,75401.33,-2262.04,-0.030000001326236553,Oct,10
ORD-000124,2025-12-11,CUST-0071,Regular,West,Website,Monitor,Electronics,1,18076.54,0.05,17172.72,4681.82,0.2726312430412887,Dec,12
ORD-000125,2025-06-12,CUST-0034,Budget,West,Mobile App,Office Chair,Furniture,1,13301.9,0.1,11971.71,2899.81,0.24222187139514742,Jun,6
ORD-000126,2025-01-09,CUST-0295,Regular,East,Mobile App,Desk,Furniture,2,14142.54,0.1,25456.57,6731.85,0.2644445029318561,Jan,1
ORD-000127,2025-02-25,CUST-0190,Regular,East,Website,Backpack,Lifestyle,1,2551.79,0.0,2551.79,1275.9,0.5000019594088856,Feb,2
ORD-000128,2025-12-19,CUST-0395,Regular,North,Website,Mouse,Accessories,1,1255.71,0.1,1130.14,449.54,0.3977737271488488,Dec,12
ORD-000129,2025-03-23,CUST-0332,Budget,West,Marketplace,Office Chair,Furniture,1,11436.87,0.05,10865.02,3190.89,0.29368468718879487,Mar,3
ORD-000130,2025-02-10,CUST-0345,Premium,North,Mobile App,Keyboard,Accessories,3,2633.01,0.15,6714.18,2109.04,0.3141172861019514,Feb,2
ORD-000131,2025-01-30,CUST-0135,Budget,East,Mobile App,Headphones,Accessories,1,3245.86,0.05,3083.57,1100.35,0.35684288016811677,Jan,1
ORD-000132,2025-06-23,CUST-0155,Budget,West,Marketplace,Headphones,Accessories,1,3535.98,0.2,2828.79,551.61,0.19499856829245013,Jun,6
ORD-000133,2025-11-24,CUST-0004,Budget,West,Mobile App,Keyboard,Accessories,3,2632.78,0.1,7108.52,2590.66,0.36444435691254995,Nov,11
ORD-000134,2025-05-11,CUST-0088,Regular,North,Mobile App,Smartwatch,Lifestyle,1,8091.67,0.0,8091.67,3479.42,0.43000023480937805,May,5
ORD-000135,2025-08-12,CUST-0063,Premium,South,Mobile App,Monitor,Electronics,1,19679.19,0.1,17711.27,3896.48,0.22000003387673497,Aug,8
ORD-000136,2025-12-03,CUST-0280,Budget,East,Website,Mouse,Accessories,4,1210.37,0.05,4599.41,2028.58,0.4410522219154196,Dec,12
ORD-000137,2025-05-04,CUST-0204,Budget,East,Mobile App,Laptop,Electronics,2,64731.83,0.0,129463.66,34955.19,0.27000001390351547,May,5
ORD-000138,2025-07-27,CUST-0025,Regular,West,Website,Keyboard,Accessories,2,2717.35,0.15,4619.5,1451.07,0.31411841108345057,Jul,7
ORD-000139,2025-05-21,CUST-0080,Regular,South,Mobile App,Monitor,Electronics,2,19717.22,0.1,35491.0,7808.02,0.22,May,5
ORD-000140,2025-02-06,CUST-0169,Regular,North,Mobile App,Headphones,Accessories,1,3514.91,0.05,3339.16,1191.55,0.3568412415098408,Feb,2
ORD-000141,2025-10-04,CUST-0248,Regular,South,Website,Mouse,Accessories,2,1307.43,0.0,2614.87,1255.14,0.48000091782765497,Oct,10
ORD-000142,2025-05-03,CUST-0250,Budget,South,Marketplace,Mouse,Accessories,1,1177.3,0.15,1000.71,349.66,0.34941191753854767,May,5
ORD-000143,2025-07-11,CUST-0260,Premium,South,Marketplace,Laptop,Electronics,3,69635.99,0.05,198462.59,43661.77,0.22000000100774658,Jul,7
ORD-000144,2025-01-29,CUST-0354,Regular,North,Website,Smartwatch,Lifestyle,1,8087.95,0.1,7279.15,2491.09,0.3422226496225521,Jan,1
ORD-000145,2025-07-28,CUST-0198,Regular,South,Mobile App,Mouse,Accessories,1,1292.52,0.05,1227.89,541.56,0.44104927965860125,Jul,7
ORD-000146,2025-03-25,CUST-0368,Regular,North,Website,Headphones,Accessories,1,3562.11,0.05,3384.01,1207.56,0.3568429171308595,Mar,3
ORD-000147,2025-04-24,CUST-0314,Budget,South,Website,Monitor,Electronics,2,18228.1,0.0,36456.2,11665.98,0.3199998902792941,Apr,4
ORD-000148,2025-11-20,CUST-0265,Regular,South,Website,Smartphone,Electronics,1,31840.41,0.2,25472.33,-764.17,-0.030000003925828533,Nov,11
ORD-000149,2025-03-27,CUST-0047,Regular,West,Website,Laptop,Electronics,1,69322.69,0.0,69322.69,18717.13,0.27000005337357796,Mar,3
ORD-000150,2025-06-09,CUST-0060,Budget,South,Marketplace,Office Chair,Furniture,1,12556.28,0.1,11300.65,2737.27,0.24222235004181175,Jun,6
ORD-000151,2025-10-03,CUST-0387,Premium,East,Marketplace,Mouse,Accessories,1,1190.59,0.1,1071.54,426.23,0.3977732982436494,Oct,10
ORD-000152,2025-03-03,CUST-0286,Budget,East,Website,Smartphone,Electronics,1,31829.35,0.05,30237.88,5060.87,0.16736854567846687,Mar,3
ORD-000153,2025-02-11,CUST-0317,Regular,North,Marketplace,Mouse,Accessories,1,1199.68,0.05,1139.7,502.67,0.4410546635079407,Feb,2
ORD-000154,2025-07-05,CUST-0045,Premium,West,Website,Smartwatch,Lifestyle,4,8563.32,0.15,29115.28,8460.56,0.29058830964359605,Jul,7
ORD-000155,2025-05-23,CUST-0010,Regular,East,Mobile App,Keyboard,Accessories,1,2502.51,0.1,2252.26,820.82,0.36444282631667746,May,5
ORD-000156,2025-01-30,CUST-0184,Premium,West,Mobile App,Smartwatch,Lifestyle,2,8174.98,0.0,16349.96,7030.48,0.4299998287457584,Jan,1
ORD-000157,2025-01-20,CUST-0128,Regular,North,Website,Monitor,Electronics,1,18420.26,0.05,17499.25,4770.85,0.2726316842150378,Jan,1
ORD-000158,2025-03-25,CUST-0140,Budget,North,Mobile App,Monitor,Electronics,2,19136.47,0.05,36359.29,9912.69,0.2726315612873629,Mar,3
ORD-000159,2025-09-14,CUST-0098,Regular,South,Website,Mouse,Accessories,1,1203.77,0.15,1023.2,357.52,0.3494136043784206,Sep,9
ORD-000160,2025-12-17,CUST-0080,Regular,South,Mobile App,Headphones,Accessories,1,3784.95,0.15,3217.2,821.33,0.2552934228521696,Dec,12
ORD-000161,2025-08-09,CUST-0169,Regular,North,Website,Desk,Furniture,2,15211.37,0.0,30422.75,10952.19,0.36000000000000004,Aug,8
ORD-000162,2025-05-13,CUST-0313,Budget,South,Website,Office Chair,Furniture,1,12713.2,0.05,12077.54,3546.98,0.2936839786910248,May,5
ORD-000163,2025-10-05,CUST-0354,Regular,North,Website,Monitor,Electronics,1,17726.37,0.15,15067.41,2428.51,0.1611763401938356,Oct,10
ORD-000164,2025-04-29,CUST-0110,Budget,West,Mobile App,Keyboard,Accessories,3,2722.75,0.05,7759.85,3177.45,0.40947312125878715,Apr,4
ORD-000165,2025-10-01,CUST-0139,Regular,West,Marketplace,Headphones,Accessories,2,3644.38,0.1,6559.89,2026.28,0.30888932588808654,Oct,10
ORD-000166,2025-08-21,CUST-0005,Regular,East,Website,Smartwatch,Lifestyle,3,7351.86,0.0,22055.59,9483.9,0.42999983224207555,Aug,8
ORD-000167,2025-12-12,CUST-0388,Regular,South,Mobile App,Smartphone,Electronics,1,33800.42,0.05,32110.39,5374.27,0.16736856824224186,Dec,12
ORD-000168,2025-01-14,CUST-0104,Budget,North,Website,Desk,Furniture,1,15372.4,0.05,14603.78,4596.35,0.3147370064462762,Jan,1
ORD-000169,2025-06-09,CUST-0104,Budget,North,Website,Laptop,Electronics,1,66488.32,0.15,56515.07,5784.48,0.10235287685213873,Jun,6
ORD-000170,2025-03-13,CUST-0241,Budget,East,Mobile App,Keyboard,Accessories,1,2456.92,0.15,2088.38,656.0,0.3141190779455846,Mar,3
ORD-000171,2025-04-18,CUST-0014,Regular,South,Website,Laptop,Electronics,2,71098.02,0.15,120866.64,12371.06,0.10235297349210667,Apr,4
ORD-000172,2025-06-14,CUST-0233,Regular,West,Website,Headphones,Accessories,2,3706.01,0.1,6670.81,2060.54,0.30888902547066993,Jun,6
ORD-000173,2025-10-16,CUST-0288,Regular,North,Marketplace,Smartwatch,Lifestyle,1,7611.72,0.0,7611.72,3273.04,0.43000005255054047,Oct,10
ORD-000174,2025-01-08,CUST-0203,Premium,East,Mobile App,Monitor,Electronics,2,18162.07,0.05,34507.93,9407.95,0.27263153715682165,Jan,1
ORD-000175,2025-06-03,CUST-0361,Regular,East,Website,Keyboard,Accessories,3,2490.4,0.05,7097.64,2906.3,0.40947413506461305,Jun,6
ORD-000176,2025-08-04,CUST-0259,Budget,East,Marketplace,Keyboard,Accessories,1,2488.56,0.0,2488.56,1119.85,0.4499991963223711,Aug,8
ORD-000177,2025-10-20,CUST-0067,Regular,South,Marketplace,Headphones,Accessories,2,3717.27,0.1,6691.09,2066.8,0.30888838739278657,Oct,10
ORD-000178,2025-10-31,CUST-0007,Regular,North,Mobile App,Mouse,Accessories,1,1195.02,0.05,1135.27,500.72,0.4410580742906974,Oct,10
ORD-000179,2025-02-12,CUST-0024,Budget,North,Mobile App,Headphones,Accessories,1,3497.49,0.15,2972.87,758.96,0.2552953879584375,Feb,2
ORD-000180,2025-12-30,CUST-0399,Budget,North,Mobile App,Desk,Furniture,1,15344.65,0.15,13042.95,2716.0,0.20823510018822428,Dec,12
ORD-000181,2025-11-23,CUST-0372,Regular,East,Marketplace,Laptop,Electronics,3,62146.52,0.05,177117.58,38965.87,0.22000001355032067,Nov,11
ORD-000182,2025-07-18,CUST-0240,Regular,South,Mobile App,Mouse,Accessories,1,1227.0,0.15,1042.95,364.42,0.34941272352461766,Jul,7
ORD-000183,2025-12-09,CUST-0297,Premium,North,Website,Smartphone,Electronics,2,30809.51,0.0,61619.01,13556.18,0.21999996429673246,Dec,12
ORD-000184,2025-02-17,CUST-0154,Premium,West,Website,Laptop,Electronics,1,64016.67,0.05,60815.83,13379.48,0.21999995724797308,Feb,2
ORD-000185,2025-02-08,CUST-0385,Budget,North,Website,Desk,Furniture,2,14170.49,0.05,26923.93,8473.95,0.3147367416272439,Feb,2
ORD-000186,2025-02-04,CUST-0264,Regular,West,Mobile App,Mouse,Accessories,1,1253.52,0.0,1253.52,601.69,0.4800003191014105,Feb,2
ORD-000187,2025-04-25,CUST-0007,Regular,North,Website,Smartphone,Electronics,2,31409.02,0.0,62818.05,13819.97,0.21999998408100854,Apr,4
ORD-000188,2025-01-15,CUST-0280,Budget,East,Mobile App,Smartwatch,Lifestyle,3,7945.97,0.0,23837.92,10250.31,0.43000018457986267,Jan,1
ORD-000189,2025-03-16,CUST-0363,Budget,West,Website,Headphones,Accessories,1,3635.91,0.1,3272.32,1010.78,0.3088878838255427,Mar,3
ORD-000190,2025-10-20,CUST-0395,Regular,North,Mobile App,Mouse,Accessories,1,1285.22,0.05,1220.96,538.51,0.4410545800026209,Oct,10
ORD-000191,2025-08-26,CUST-0005,Regular,East,Website,Keyboard,Accessories,1,2485.61,0.05,2361.33,966.9,0.4094726277140425,Aug,8
ORD-000192,2025-02-28,CUST-0045,Premium,West,Mobile App,Monitor,Electronics,1,18589.63,0.05,17660.15,4814.72,0.2726318859126338,Feb,2
ORD-000193,2025-11-19,CUST-0136,Budget,North,Mobile App,Smartwatch,Lifestyle,2,8050.05,0.15,13685.08,3976.72,0.29058799802412555,Nov,11
ORD-000194,2025-09-11,CUST-0311,Budget,West,Website,Desk,Furniture,2,14709.28,0.05,27947.63,8796.15,0.31473688466607,Sep,9
ORD-000195,2025-11-02,CUST-0273,Budget,West,Website,Headphones,Accessories,1,3683.78,0.1,3315.4,1024.09,0.3088888218616155,Nov,11
ORD-000196,2025-08-12,CUST-0212,Regular,South,Mobile App,Backpack,Lifestyle,3,3008.85,0.15,7672.56,2861.41,0.372940713399439,Aug,8
ORD-000197,2025-01-18,CUST-0340,Regular,East,Marketplace,Keyboard,Accessories,1,2252.11,0.1,2026.9,738.69,0.3644432384429424,Jan,1
ORD-000198,2025-02-12,CUST-0123,Budget,North,Website,Desk,Furniture,1,14370.22,0.2,11496.18,1666.95,0.1450003392431225,Feb,2
ORD-000199,2025-06-04,CUST-0269,Budget,North,Website,Keyboard,Accessories,1,2551.47,0.0,2551.47,1148.16,0.44999941210361094,Jun,6
ORD-000200,2025-07-12,CUST-0065,Regular,South,Website,Keyboard,Accessories,2,2768.63,0.05,5260.39,2153.99,0.4094734420831915,Jul,7
ORD-000201,2025-12-02,CUST-0312,Budget,South,Marketplace,Laptop,Electronics,1,63678.0,0.1,57310.2,9424.34,0.16444437464884087,Dec,12
ORD-000202,2025-04-27,CUST-0161,Regular,West,Website,Office Chair,Furniture,3,11723.65,0.1,31653.87,7667.27,0.2422221990549655,Apr,4
ORD-000203,2025-10-19,CUST-0160,Regular,West,Marketplace,Desk,Furniture,1,15988.53,0.15,13590.25,2829.97,0.2082353157594599,Oct,10
ORD-000204,2025-10-26,CUST-0328,Budget,West,Mobile App,Laptop,Electronics,3,67756.41,0.1,182942.3,30083.84,0.16444441772077864,Oct,10
ORD-000205,2025-04-13,CUST-0310,Budget,North,Website,Smartwatch,Lifestyle,2,7788.2,0.05,14797.57,5747.69,0.3884212069954729,Apr,4
ORD-000206,2025-02-23,CUST-0366,Budget,East,Mobile App,Office Chair,Furniture,2,12293.17,0.1,22127.7,5359.82,0.24222219209407211,Feb,2
ORD-000207,2025-05-03,CUST-0047,Regular,West,Website,Desk,Furniture,1,16367.54,0.1,14730.78,3895.47,0.264444245314912,May,5
ORD-000208,2025-09-09,CUST-0026,Budget,North,Marketplace,Headphones,Accessories,2,3422.72,0.15,5818.62,1485.46,0.2552942106547601,Sep,9
ORD-000209,2025-12-14,CUST-0020,Budget,North,Mobile App,Backpack,Lifestyle,1,2893.8,0.0,2893.8,1446.9,0.5,Dec,12
ORD-000210,2025-09-27,CUST-0064,Budget,East,Website,Desk,Furniture,1,14850.91,0.05,14108.36,4440.42,0.3147367943545529,Sep,9
ORD-000211,2025-09-05,CUST-0195,Budget,South,Website,Desk,Furniture,1,15338.34,0.0,15338.34,5521.8,0.35999984352935194,Sep,9
ORD-000212,2025-03-10,CUST-0329,Regular,South,Website,Headphones,Accessories,1,3596.88,0.05,3417.04,1219.34,0.35684100859223183,Mar,3
ORD-000213,2025-09-11,CUST-0261,Regular,South,Website,Keyboard,Accessories,1,2562.49,0.15,2178.12,684.19,0.31411951591280557,Sep,9
ORD-000214,2025-09-21,CUST-0025,Regular,West,Mobile App,Monitor,Electronics,2,17882.16,0.15,30399.67,4899.71,0.16117642066509275,Sep,9
ORD-000215,2025-07-24,CUST-0393,Regular,East,Website,Headphones,Accessories,1,3391.17,0.05,3221.61,1149.61,0.3568433174716989,Jul,7
ORD-000216,2025-09-11,CUST-0077,Regular,North,Website,Monitor,Electronics,2,16944.92,0.05,32195.36,8777.47,0.27263152205783686,Sep,9
ORD-000217,2025-11-08,CUST-0242,Budget,West,Website,Office Chair,Furniture,1,12081.64,0.05,11477.56,3370.78,0.2936843719396806,Nov,11
ORD-000218,2025-12-20,CUST-0026,Budget,North,Marketplace,Desk,Furniture,3,13885.26,0.05,39573.0,12455.08,0.31473681550552146,Dec,12
ORD-000219,2025-06-28,CUST-0313,Budget,South,Website,Desk,Furniture,2,14971.45,0.1,26948.61,7126.41,0.26444443702291137,Jun,6
ORD-000220,2025-08-18,CUST-0124,Regular,South,Website,Laptop,Electronics,1,66810.91,0.0,66810.91,18038.94,0.26999991468459267,Aug,8
ORD-000221,2025-10-21,CUST-0072,Regular,North,Mobile App,Smartphone,Electronics,1,31019.82,0.05,29468.83,4932.15,0.16736836854398357,Oct,10
ORD-000222,2025-12-11,CUST-0244,Regular,South,Website,Desk,Furniture,1,16656.82,0.05,15823.98,4980.39,0.3147368740354829,Dec,12
ORD-000223,2025-10-19,CUST-0066,Regular,North,Website,Smartphone,Electronics,1,30375.15,0.05,28856.4,4829.65,0.16736841740480446,Oct,10
ORD-000224,2025-10-23,CUST-0047,Regular,West,Website,Backpack,Lifestyle,1,2935.36,0.1,2641.83,1109.57,0.4200005299356885,Oct,10
ORD-000225,2025-12-17,CUST-0294,Regular,South,Mobile App,Monitor,Electronics,1,19681.68,0.1,17713.51,3896.97,0.2199998758010129,Dec,12
ORD-000226,2025-09-24,CUST-0326,Regular,West,Marketplace,Headphones,Accessories,1,3452.42,0.05,3279.8,1170.37,0.3568418806024757,Sep,9
ORD-000227,2025-07-25,CUST-0217,Budget,North,Website,Smartwatch,Lifestyle,1,8102.3,0.05,7697.18,2989.75,0.3884214738384707,Jul,7
ORD-000228,2025-06-01,CUST-0167,Regular,North,Website,Smartwatch,Lifestyle,1,7562.88,0.05,7184.74,2790.7,0.38842045780362267,Jun,6
ORD-000229,2025-04-19,CUST-0317,Regular,North,Mobile App,Office Chair,Furniture,1,11735.84,0.2,9388.67,1126.64,0.11999995739545645,Apr,4
ORD-000230,2025-10-20,CUST-0310,Budget,North,Website,Headphones,Accessories,1,3677.48,0.1,3309.73,1022.34,0.30888924474201823,Oct,10
ORD-000231,2025-01-24,CUST-0174,Budget,East,Website,Keyboard,Accessories,1,2346.37,0.2,1877.09,483.35,0.25749964040083323,Jan,1
ORD-000232,2025-12-05,CUST-0351,Regular,East,Website,Headphones,Accessories,1,3287.93,0.0,3287.93,1315.17,0.39999939171454385,Dec,12
ORD-000233,2025-01-03,CUST-0364,Regular,East,Mobile App,Mouse,Accessories,1,1227.05,0.05,1165.7,514.13,0.4410482971605044,Jan,1
ORD-000234,2025-07-10,CUST-0129,Budget,West,Website,Smartphone,Electronics,1,33826.19,0.05,32134.88,5378.36,0.167368292646495,Jul,7
ORD-000235,2025-10-29,CUST-0350,Regular,West,Website,Backpack,Lifestyle,1,2962.63,0.05,2814.49,1300.59,0.46210503501522476,Oct,10
ORD-000236,2025-03-01,CUST-0271,Budget,North,Website,Laptop,Electronics,1,64405.72,0.05,61185.44,13460.8,0.2200000523000243,Mar,3
ORD-000237,2025-03-25,CUST-0274,Regular,West,Marketplace,Desk,Furniture,1,15485.99,0.0,15485.99,5574.96,0.36000023246818574,Mar,3
ORD-000238,2025-12-02,CUST-0180,Regular,North,Mobile App,Backpack,Lifestyle,1,2916.65,0.2,2333.32,746.66,0.3199989714226938,Dec,12
ORD-000239,2025-11-09,CUST-0339,Budget,East,Website,Smartphone,Electronics,1,29745.68,0.0,29745.68,6544.05,0.22000001344733083,Nov,11
ORD-000240,2025-02-18,CUST-0265,Regular,South,Website,Backpack,Lifestyle,1,2838.73,0.1,2554.85,1073.04,0.42000117423723504,Feb,2
ORD-000241,2025-01-20,CUST-0390,Regular,South,Website,Desk,Furniture,2,15588.23,0.05,29617.64,9321.76,0.3147367582292175,Jan,1
ORD-000242,2025-12-03,CUST-0130,Budget,North,Website,Desk,Furniture,2,15229.9,0.05,28936.81,9107.48,0.31473683519365125,Dec,12
ORD-000243,2025-09-05,CUST-0340,Regular,East,Mobile App,Office Chair,Furniture,1,11322.66,0.05,10756.52,3159.02,0.2936842026975267,Sep,9
ORD-000244,2025-04-16,CUST-0287,Budget,West,Mobile App,Office Chair,Furniture,3,13117.69,0.1,35417.76,8578.97,0.24222226363270852,Apr,4
ORD-000245,2025-07-05,CUST-0191,Budget,West,Marketplace,Keyboard,Accessories,1,2636.53,0.05,2504.71,1025.61,0.4094725537088125,Jul,7
ORD-000246,2025-04-17,CUST-0059,Regular,East,Marketplace,Backpack,Lifestyle,3,2717.4,0.05,7744.59,3578.82,0.4621058054719488,Apr,4
ORD-000247,2025-07-23,CUST-0101,Budget,South,Mobile App,Headphones,Accessories,2,3526.33,0.1,6347.39,1960.64,0.30888916546801126,Jul,7
ORD-000248,2025-12-09,CUST-0012,Budget,North,Mobile App,Mouse,Accessories,1,1260.46,0.15,1071.39,374.36,0.3494152456155088,Dec,12
ORD-000249,2025-05-28,CUST-0032,Premium,South,Website,Smartwatch,Lifestyle,1,7947.16,0.0,7947.16,3417.28,0.43000015099733746,May,5
ORD-000250,2025-09-14,CUST-0249,Budget,West,Mobile App,Keyboard,Accessories,1,2690.45,0.15,2286.88,718.35,0.31411792485832224,Sep,9
ORD-000251,2025-12-14,CUST-0060,Budget,South,Marketplace,Smartwatch,Lifestyle,3,8328.88,0.05,23737.32,9220.07,0.3884208495314551,Dec,12
ORD-000252,2025-01-26,CUST-0392,Budget,West,Mobile App,Smartwatch,Lifestyle,1,7983.21,0.15,6785.73,1971.85,0.2905877481125833,Jan,1
ORD-000253,2025-08-10,CUST-0108,Budget,South,Website,Smartwatch,Lifestyle,1,8072.84,0.15,6861.92,1993.99,0.2905877655233521,Aug,8
ORD-000254,2025-01-13,CUST-0217,Budget,North,Mobile App,Smartphone,Electronics,2,31245.67,0.2,49993.07,-1499.79,-0.029999957994177994,Jan,1
ORD-000255,2025-07-19,CUST-0128,Regular,North,Website,Smartphone,Electronics,1,31816.81,0.1,28635.13,3118.05,0.10888897658226102,Jul,7
ORD-000256,2025-06-20,CUST-0274,Regular,West,Marketplace,Mouse,Accessories,1,1217.54,0.1,1095.79,435.88,0.39777694631270594,Jun,6
ORD-000257,2025-04-07,CUST-0363,Budget,West,Website,Laptop,Electronics,2,69859.97,0.2,111775.95,3632.72,0.03250001453801108,Apr,4
ORD-000258,2025-12-25,CUST-0310,Budget,North,Website,Keyboard,Accessories,2,2646.11,0.15,4498.38,1413.02,0.3141175267540759,Dec,12
ORD-000259,2025-07-09,CUST-0105,Regular,East,Website,Mouse,Accessories,2,1210.18,0.05,2299.34,1014.13,0.4410526498908382,Jul,7
ORD-000260,2025-08-01,CUST-0174,Budget,East,Website,Laptop,Electronics,2,62687.74,0.2,100300.38,3259.76,0.0324999765703779,Aug,8
ORD-000261,2025-11-05,CUST-0115,Budget,West,Mobile App,Smartwatch,Lifestyle,1,7921.56,0.0,7921.56,3406.27,0.42999989900979096,Nov,11
ORD-000262,2025-03-23,CUST-0241,Budget,East,Marketplace,Keyboard,Accessories,3,2435.49,0.0,7306.46,3287.91,0.4500004105955551,Mar,3
ORD-000263,2025-10-03,CUST-0158,Regular,North,Website,Mouse,Accessories,3,1140.71,0.0,3422.13,1642.62,0.4799992986823995,Oct,10
ORD-000264,2025-10-28,CUST-0219,Budget,East,Website,Headphones,Accessories,1,3386.3,0.0,3386.3,1354.52,0.39999999999999997,Oct,10
ORD-000265,2025-10-15,CUST-0264,Regular,West,Mobile App,Desk,Furniture,1,15169.88,0.05,14411.39,4535.79,0.31473646886247614,Oct,10
ORD-000266,2025-01-15,CUST-0031,Regular,East,Mobile App,Smartphone,Electronics,1,33061.3,0.0,33061.3,7273.49,0.22000012098737798,Jan,1
ORD-000267,2025-01-19,CUST-0322,Regular,South,Marketplace,Laptop,Electronics,1,63462.93,0.1,57116.63,9392.51,0.1644444008688888,Jan,1
ORD-000268,2025-06-29,CUST-0054,Regular,South,Website,Smartphone,Electronics,1,33910.88,0.05,32215.34,5391.83,0.16736840275471251,Jun,6
ORD-000269,2025-01-22,CUST-0160,Regular,West,Website,Laptop,Electronics,1,67858.1,0.2,54286.48,1764.31,0.032499988947524316,Jan,1
ORD-000270,2025-06-11,CUST-0281,Regular,North,Website,Backpack,Lifestyle,1,2712.08,0.1,2440.87,1025.17,0.42000188457394294,Jun,6
ORD-000271,2025-08-29,CUST-0279,Regular,West,Website,Smartwatch,Lifestyle,2,8706.2,0.0,17412.4,7487.33,0.42999988513932597,Aug,8
ORD-000272,2025-01-22,CUST-0396,Budget,East,Website,Headphones,Accessories,1,3283.7,0.15,2791.15,712.56,0.25529262132096087,Jan,1
ORD-000273,2025-10-13,CUST-0323,Budget,West,Website,Headphones,Accessories,4,3676.49,0.0,14705.94,5882.38,0.40000027199893373,Oct,10
ORD-000274,2025-03-18,CUST-0080,Regular,South,Website,Headphones,Accessories,1,3729.47,0.0,3729.47,1491.79,0.4000005362692286,Mar,3
ORD-000275,2025-04-07,CUST-0017,Premium,South,Website,Laptop,Electronics,1,66232.6,0.0,66232.6,17882.8,0.26999996980338986,Apr,4
ORD-000276,2025-01-18,CUST-0398,Budget,South,Mobile App,Laptop,Electronics,4,67783.29,0.15,230463.19,23588.59,0.10235296144256269,Jan,1
ORD-000277,2025-02-25,CUST-0215,Regular,South,Website,Backpack,Lifestyle,1,2879.19,0.1,2591.27,1088.33,0.4199986879020712,Feb,2
ORD-000278,2025-11-21,CUST-0174,Budget,East,Website,Smartwatch,Lifestyle,2,7595.36,0.0,15190.73,6532.01,0.42999974326447776,Nov,11
ORD-000279,2025-10-04,CUST-0312,Budget,South,Mobile App,Monitor,Electronics,1,18530.39,0.05,17603.87,4799.37,0.27263152931713314,Oct,10
ORD-000280,2025-11-09,CUST-0106,Budget,North,Mobile App,Desk,Furniture,1,16148.9,0.1,14534.01,3843.44,0.26444456829188917,Nov,11
ORD-000281,2025-04-12,CUST-0285,Budget,South,Website,Desk,Furniture,1,15684.04,0.0,15684.04,5646.25,0.35999971946003706,Apr,4
ORD-000282,2025-05-01,CUST-0319,Budget,West,Marketplace,Smartphone,Electronics,1,33958.69,0.0,33958.69,7470.91,0.21999994699442174,May,5
ORD-000283,2025-05-19,CUST-0021,Budget,South,Website,Mouse,Accessories,2,1218.39,0.0,2436.78,1169.65,0.4799981943384302,May,5
ORD-000284,2025-12-04,CUST-0196,Regular,North,Mobile App,Office Chair,Furniture,2,12194.93,0.1,21950.87,5316.99,0.2422222900504627,Dec,12
ORD-000285,2025-08-01,CUST-0070,Premium,North,Mobile App,Laptop,Electronics,1,67537.5,0.0,67537.5,18235.13,0.2700000740329447,Aug,8
ORD-000286,2025-09-28,CUST-0014,Regular,South,Website,Monitor,Electronics,2,18781.47,0.2,30050.36,2854.78,0.0949998602346195,Sep,9
ORD-000287,2025-11-27,CUST-0225,Budget,South,Marketplace,Smartwatch,Lifestyle,1,8678.54,0.05,8244.61,3202.38,0.38842104114081805,Nov,11
ORD-000288,2025-11-19,CUST-0068,Regular,North,Mobile App,Smartwatch,Lifestyle,3,7920.59,0.1,21385.6,7318.63,0.34222233652551254,Nov,11
ORD-000289,2025-10-21,CUST-0348,Budget,East,Mobile App,Keyboard,Accessories,2,2351.32,0.1,4232.37,1542.47,0.36444592509634083,Oct,10
ORD-000290,2025-11-23,CUST-0168,Regular,West,Mobile App,Mouse,Accessories,3,1216.09,0.05,3465.85,1528.62,0.4410519785911104,Nov,11
ORD-000291,2025-07-07,CUST-0286,Budget,East,Website,Backpack,Lifestyle,2,2802.92,0.05,5325.54,2460.96,0.46210525129845986,Jul,7
ORD-000292,2025-08-03,CUST-0258,Premium,East,Mobile App,Mouse,Accessories,2,1190.32,0.05,2261.6,997.48,0.4410505836575876,Aug,8
ORD-000293,2025-02-16,CUST-0086,Regular,South,Website,Desk,Furniture,1,16030.6,0.1,14427.54,3815.28,0.26444425037116515,Feb,2
ORD-000294,2025-12-11,CUST-0177,Budget,South,Mobile App,Monitor,Electronics,1,20324.19,0.0,20324.19,6503.74,0.31999996063803776,Dec,12
ORD-000295,2025-01-09,CUST-0145,Regular,East,Website,Monitor,Electronics,1,16847.23,0.0,16847.23,5391.11,0.3199997863150203,Jan,1
ORD-000296,2025-09-24,CUST-0047,Regular,West,Mobile App,Keyboard,Accessories,1,2658.32,0.0,2658.32,1196.24,0.4499984952902585,Sep,9
ORD-000297,2025-12-17,CUST-0103,Regular,West,Mobile App,Smartphone,Electronics,1,34890.46,0.15,29656.89,1290.95,0.04352951371502541,Dec,12
ORD-000298,2025-04-27,CUST-0061,Regular,South,Mobile App,Mouse,Accessories,2,1318.59,0.1,2373.47,944.11,0.3977762516484304,Apr,4
ORD-000299,2025-03-11,CUST-0355,Budget,North,Mobile App,Monitor,Electronics,1,18439.76,0.0,18439.76,5900.72,0.31999982646194963,Mar,3
ORD-000300,2025-06-13,CUST-0118,Regular,East,Mobile App,Laptop,Electronics,1,62206.17,0.2,49764.94,1617.36,0.032499988948042534,Jun,6
ORD-000301,2025-02-16,CUST-0208,Premium,East,Website,Monitor,Electronics,2,17543.09,0.1,31577.56,6947.06,0.21999989866221456,Feb,2
ORD-000302,2025-04-21,CUST-0266,Budget,East,Website,Smartwatch,Lifestyle,1,7916.8,0.05,7520.96,2921.3,0.3884211590009786,Apr,4
ORD-000303,2025-09-18,CUST-0292,Budget,North,Website,Laptop,Electronics,1,62848.4,0.15,53421.14,5467.81,0.10235292620112563,Sep,9
ORD-000304,2025-08-22,CUST-0201,Premium,North,Website,Keyboard,Accessories,2,2615.25,0.05,4968.98,2034.67,0.4094743790476114,Aug,8
ORD-000305,2025-06-10,CUST-0253,Budget,West,Marketplace,Monitor,Electronics,2,17432.72,0.15,29635.63,4776.57,0.1611765972243546,Jun,6
ORD-000306,2025-12-14,CUST-0062,Budget,South,Website,Backpack,Lifestyle,2,3085.15,0.0,6170.3,3085.15,0.5,Dec,12
ORD-000307,2025-03-12,CUST-0215,Regular,South,Mobile App,Laptop,Electronics,2,69663.17,0.1,125393.71,20620.3,0.1644444525965457,Mar,3
ORD-000308,2025-01-13,CUST-0162,Regular,South,Mobile App,Smartwatch,Lifestyle,1,8499.31,0.1,7649.38,2617.79,0.34222250692212963,Jan,1
ORD-000309,2025-01-06,CUST-0383,Budget,South,Mobile App,Keyboard,Accessories,1,2526.1,0.0,2526.1,1136.75,0.45000197933573494,Jan,1
ORD-000310,2025-03-06,CUST-0016,Budget,East,Marketplace,Laptop,Electronics,2,58141.9,0.1,104655.42,17210.0,0.164444421512044,Mar,3
ORD-000311,2025-02-10,CUST-0352,Regular,South,Mobile App,Smartwatch,Lifestyle,1,8180.87,0.05,7771.83,3018.74,0.38842074517842,Feb,2
ORD-000312,2025-05-12,CUST-0103,Regular,West,Mobile App,Office Chair,Furniture,2,12920.16,0.05,24548.3,7209.45,0.2936842877103506,May,5
ORD-000313,2025-03-05,CUST-0279,Regular,West,Website,Laptop,Electronics,1,68702.63,0.2,54962.1,1786.27,0.03250003184012256,Mar,3
ORD-000314,2025-11-14,CUST-0243,Regular,West,Marketplace,Desk,Furniture,2,14937.97,0.0,29875.93,10755.33,0.35999983933554536,Nov,11
ORD-000315,2025-05-05,CUST-0350,Regular,West,Website,Office Chair,Furniture,1,12780.2,0.05,12141.19,3565.67,0.29368373281366983,May,5
ORD-000316,2025-07-12,CUST-0331,Premium,South,Mobile App,Smartphone,Electronics,1,34585.57,0.0,34585.57,7608.83,0.22000013300344623,Jul,7
ORD-000317,2025-02-28,CUST-0387,Premium,East,Mobile App,Smartphone,Electronics,2,30370.52,0.05,57703.99,9657.83,0.16736849566208506,Feb,2
ORD-000318,2025-10-19,CUST-0311,Budget,West,Marketplace,Mouse,Accessories,1,1200.0,0.05,1140.0,502.8,0.44105263157894736,Oct,10
ORD-000319,2025-04-03,CUST-0294,Regular,South,Mobile App,Office Chair,Furniture,4,12421.87,0.15,42234.36,7800.94,0.1847060071467876,Apr,4
ORD-000320,2025-06-06,CUST-0299,Budget,North,Mobile App,Smartwatch,Lifestyle,2,7831.75,0.05,14880.32,5779.83,0.3884210823423152,Jun,6
ORD-000321,2025-08-16,CUST-0193,Budget,North,Mobile App,Laptop,Electronics,1,63058.79,0.05,59905.85,13179.29,0.22000005007858167,Aug,8
ORD-000322,2025-10-03,CUST-0224,Regular,East,Website,Desk,Furniture,2,14619.19,0.0,29238.38,10525.82,0.3600001094451881,Oct,10
ORD-000323,2025-12-20,CUST-0102,Budget,East,Mobile App,Keyboard,Accessories,1,2379.69,0.2,1903.76,490.22,0.2575009454973316,Dec,12
ORD-000324,2025-05-13,CUST-0314,Budget,South,Mobile App,Laptop,Electronics,2,70955.99,0.2,113529.59,3689.71,0.032499985246137154,May,5
ORD-000325,2025-11-20,CUST-0127,Regular,East,Mobile App,Keyboard,Accessories,1,2482.85,0.2,1986.28,511.47,0.2575014600157078,Nov,11
ORD-000326,2025-04-10,CUST-0197,Premium,North,Mobile App,Laptop,Electronics,1,67400.14,0.0,67400.14,18198.04,0.2700000326408818,Apr,4
ORD-000327,2025-09-20,CUST-0091,Regular,North,Website,Smartphone,Electronics,2,31153.73,0.05,59192.09,9906.89,0.16736847778140626,Sep,9
ORD-000328,2025-02-04,CUST-0195,Budget,South,Mobile App,Keyboard,Accessories,1,2573.41,0.1,2316.07,844.08,0.36444494337390493,Feb,2
ORD-000329,2025-12-06,CUST-0115,Budget,West,Mobile App,Desk,Furniture,2,16575.5,0.1,29835.9,7889.94,0.2644445114777835,Dec,12
ORD-000330,2025-03-23,CUST-0308,Budget,South,Website,Smartwatch,Lifestyle,2,8143.09,0.15,13843.26,4022.69,0.29058834407502276,Mar,3
ORD-000331,2025-05-17,CUST-0290,Budget,North,Marketplace,Backpack,Lifestyle,1,2662.35,0.05,2529.24,1168.77,0.4621032404991223,May,5
ORD-000332,2025-04-03,CUST-0043,Budget,North,Marketplace,Monitor,Electronics,2,17959.55,0.05,34123.15,9303.05,0.2726316298465997,Apr,4
ORD-000333,2025-11-08,CUST-0363,Budget,West,Mobile App,Monitor,Electronics,1,17817.19,0.05,16926.33,4614.65,0.2726314564350334,Nov,11
ORD-000334,2025-04-12,CUST-0092,Regular,East,Marketplace,Mouse,Accessories,1,1097.21,0.2,877.77,258.94,0.29499755061120797,Apr,4
ORD-000335,2025-05-17,CUST-0295,Regular,East,Website,Office Chair,Furniture,1,11064.09,0.1,9957.68,2411.97,0.2422220838588908,May,5
ORD-000336,2025-02-17,CUST-0068,Regular,North,Marketplace,Backpack,Lifestyle,1,2826.88,0.1,2544.19,1068.56,0.4200000786104811,Feb,2
ORD-000337,2025-05-08,CUST-0086,Regular,South,Mobile App,Office Chair,Furniture,1,12664.32,0.1,11397.89,2760.82,0.24222202530468362,May,5
ORD-000338,2025-08-24,CUST-0388,Regular,South,Website,Keyboard,Accessories,1,2542.22,0.1,2288.0,833.85,0.36444493006993006,Aug,8
ORD-000339,2025-01-15,CUST-0079,Budget,West,Website,Desk,Furniture,1,14639.57,0.2,11711.65,1698.19,0.14500006403879898,Jan,1
ORD-000340,2025-06-27,CUST-0178,Regular,South,Website,Backpack,Lifestyle,2,2813.2,0.05,5345.07,2469.99,0.4621062025380397,Jun,6
ORD-000341,2025-10-29,CUST-0157,Regular,East,Mobile App,Desk,Furniture,1,15233.44,0.0,15233.44,5484.04,0.3600001050320873,Oct,10
ORD-000342,2025-12-05,CUST-0305,Regular,South,Marketplace,Laptop,Electronics,1,63199.83,0.05,60039.83,13208.76,0.2199999566954137,Dec,12
ORD-000343,2025-04-11,CUST-0063,Premium,South,Website,Laptop,Electronics,2,71216.01,0.05,135310.42,29768.29,0.2199999822630068,Apr,4
ORD-000344,2025-04-27,CUST-0009,Budget,West,Marketplace,Office Chair,Furniture,2,12214.58,0.05,23207.7,6815.73,0.2936839928127302,Apr,4
ORD-000345,2025-09-11,CUST-0198,Regular,South,Mobile App,Laptop,Electronics,2,69871.21,0.05,132755.3,29206.17,0.2200000301306238,Sep,9
ORD-000346,2025-08-13,CUST-0304,Premium,East,Website,Smartwatch,Lifestyle,1,7661.28,0.0,7661.28,3294.35,0.4299999477894033,Aug,8
ORD-000347,2025-09-07,CUST-0366,Budget,East,Mobile App,Mouse,Accessories,1,1226.04,0.2,980.84,289.35,0.29500224297540883,Sep,9
ORD-000348,2025-02-04,CUST-0153,Regular,South,Website,Monitor,Electronics,1,18920.62,0.0,18920.62,6054.6,0.3200000845638251,Feb,2
ORD-000349,2025-03-05,CUST-0309,Premium,South,Website,Smartwatch,Lifestyle,1,7990.71,0.05,7591.17,2948.57,0.38842102073856866,Mar,3
ORD-000350,2025-03-10,CUST-0364,Regular,East,Mobile App,Office Chair,Furniture,2,12414.19,0.0,24828.38,8441.65,0.340000032221192,Mar,3
ORD-000351,2025-08-24,CUST-0008,Premium,West,Website,Laptop,Electronics,1,66856.5,0.0,66856.5,18051.26,0.27000007478704385,Aug,8
ORD-000352,2025-09-28,CUST-0212,Regular,South,Marketplace,Backpack,Lifestyle,1,3039.3,0.15,2583.41,963.46,0.3729411901324219,Sep,9
ORD-000353,2025-02-28,CUST-0051,Regular,North,Website,Smartphone,Electronics,2,32403.54,0.0,64807.08,14257.56,0.22000003703299081,Feb,2
ORD-000354,2025-01-27,CUST-0165,Budget,South,Mobile App,Monitor,Electronics,1,19119.16,0.15,16251.29,2619.33,0.16117674350774613,Jan,1
ORD-000355,2025-07-01,CUST-0085,Regular,South,Mobile App,Headphones,Accessories,1,3700.55,0.05,3515.53,1254.49,0.35684235378449336,Jul,7
ORD-000356,2025-06-13,CUST-0359,Regular,South,Website,Desk,Furniture,1,14987.22,0.15,12739.14,2652.74,0.20823540678570138,Jun,6
ORD-000357,2025-04-01,CUST-0277,Budget,East,Mobile App,Desk,Furniture,2,14507.43,0.2,23211.89,3365.72,0.14499982552045523,Apr,4
ORD-000358,2025-04-28,CUST-0204,Budget,East,Marketplace,Laptop,Electronics,3,61760.52,0.1,166753.42,27421.67,0.16444442338873766,Apr,4
ORD-000359,2025-08-12,CUST-0016,Budget,East,Website,Headphones,Accessories,2,3450.05,0.05,6555.1,2339.14,0.3568427636496773,Aug,8
ORD-000360,2025-05-22,CUST-0292,Budget,North,Mobile App,Laptop,Electronics,1,69209.84,0.1,62288.86,10243.06,0.1644444929639104,May,5
ORD-000361,2025-11-05,CUST-0318,Premium,West,Marketplace,Smartphone,Electronics,1,34174.29,0.1,30756.86,3349.08,0.10888887877371096,Nov,11
ORD-000362,2025-01-31,CUST-0168,Regular,West,Website,Mouse,Accessories,2,1165.55,0.0,2331.1,1118.93,0.48000085796405134,Jan,1
ORD-000363,2025-08-11,CUST-0280,Budget,East,Mobile App,Desk,Furniture,1,14458.76,0.0,14458.76,5205.15,0.359999751015993,Aug,8
ORD-000364,2025-11-26,CUST-0248,Regular,South,Mobile App,Monitor,Electronics,2,18789.17,0.05,35699.43,9732.79,0.27263152380864347,Nov,11
ORD-000365,2025-11-05,CUST-0387,Premium,East,Mobile App,Laptop,Electronics,1,63626.03,0.05,60444.73,13297.84,0.2199999900735763,Nov,11
ORD-000366,2025-04-20,CUST-0180,Regular,North,Website,Desk,Furniture,2,15131.15,0.05,28749.19,9048.43,0.31473686736913287,Apr,4
ORD-000367,2025-04-05,CUST-0173,Regular,East,Marketplace,Office Chair,Furniture,1,10879.3,0.1,9791.37,2371.69,0.2422224877621824,Apr,4
ORD-000368,2025-02-05,CUST-0004,Budget,West,Website,Smartwatch,Lifestyle,1,8153.71,0.1,7338.34,2511.34,0.3422218103821845,Feb,2
ORD-000369,2025-12-10,CUST-0285,Budget,South,Website,Smartphone,Electronics,2,33804.9,0.0,67609.79,14874.15,0.219999943795122,Dec,12
ORD-000370,2025-09-20,CUST-0379,Budget,North,Marketplace,Smartwatch,Lifestyle,1,7926.35,0.05,7530.03,2924.82,0.3884207632638914,Sep,9
ORD-000371,2025-02-12,CUST-0393,Regular,East,Marketplace,Smartphone,Electronics,1,28739.23,0.05,27302.27,4569.54,0.16736850086091742,Feb,2
ORD-000372,2025-09-07,CUST-0370,Budget,North,Marketplace,Desk,Furniture,1,14486.0,0.0,14486.0,5214.96,0.36,Sep,9
ORD-000373,2025-10-02,CUST-0020,Budget,North,Mobile App,Mouse,Accessories,2,1223.57,0.05,2324.78,1025.35,0.4410524866869122,Oct,10
ORD-000374,2025-03-29,CUST-0258,Premium,East,Website,Headphones,Accessories,2,3503.4,0.2,5605.44,1093.06,0.194999857281498,Mar,3
ORD-000375,2025-11-04,CUST-0331,Premium,South,Website,Office Chair,Furniture,1,12286.41,0.1,11057.77,2678.44,0.2422224372545278,Nov,11
ORD-000376,2025-04-06,CUST-0318,Premium,West,Mobile App,Smartwatch,Lifestyle,1,8742.23,0.1,7868.01,2692.61,0.34222249336236227,Apr,4
ORD-000377,2025-11-16,CUST-0141,Premium,South,Website,Monitor,Electronics,1,19572.52,0.15,16636.64,2681.43,0.16117617499687437,Nov,11
ORD-000378,2025-01-29,CUST-0374,Budget,West,Website,Mouse,Accessories,3,1273.78,0.1,3439.2,1368.04,0.3977785531518958,Jan,1
ORD-000379,2025-08-11,CUST-0160,Regular,West,Mobile App,Laptop,Electronics,3,68800.16,0.05,196080.46,43137.7,0.2199999938800633,Aug,8
ORD-000380,2025-10-14,CUST-0233,Regular,West,Marketplace,Monitor,Electronics,1,17323.75,0.1,15591.38,3430.1,0.21999976910318395,Oct,10
ORD-000381,2025-01-26,CUST-0213,Regular,East,Marketplace,Office Chair,Furniture,1,10820.66,0.1,9738.59,2358.9,0.2422219232969044,Jan,1
ORD-000382,2025-12-10,CUST-0347,Budget,North,Mobile App,Mouse,Accessories,3,1181.93,0.05,3368.51,1485.69,0.4410525722055152,Dec,12
ORD-000383,2025-04-08,CUST-0171,Regular,North,Marketplace,Headphones,Accessories,1,3456.51,0.0,3456.51,1382.6,0.3999988427633653,Apr,4
ORD-000384,2025-12-07,CUST-0274,Regular,West,Mobile App,Office Chair,Furniture,1,11935.17,0.0,11935.17,4057.96,0.3400001843291717,Dec,12
ORD-000385,2025-02-13,CUST-0396,Budget,East,Website,Smartwatch,Lifestyle,1,7716.03,0.15,6558.63,1905.86,0.29058812587384864,Feb,2
ORD-000386,2025-03-19,CUST-0265,Regular,South,Mobile App,Laptop,Electronics,1,66234.91,0.05,62923.17,13843.1,0.2200000413202323,Mar,3
ORD-000387,2025-03-08,CUST-0362,Regular,West,Mobile App,Laptop,Electronics,1,67601.86,0.05,64221.77,14128.79,0.22000000934262637,Mar,3
ORD-000388,2025-05-31,CUST-0337,Budget,East,Mobile App,Desk,Furniture,1,15463.52,0.1,13917.17,3680.32,0.26444456739408945,May,5
ORD-000389,2025-12-29,CUST-0009,Budget,West,Mobile App,Monitor,Electronics,1,19895.24,0.0,19895.24,6366.48,0.32000016084249294,Dec,12
ORD-000390,2025-11-17,CUST-0323,Budget,West,Mobile App,Backpack,Lifestyle,2,2795.67,0.1,5032.2,2113.52,0.41999920511903344,Nov,11
ORD-000391,2025-01-30,CUST-0185,Budget,South,Mobile App,Monitor,Electronics,1,19709.8,0.1,17738.82,3902.54,0.21999997745058578,Jan,1
ORD-000392,2025-10-06,CUST-0260,Premium,South,Website,Smartwatch,Lifestyle,1,8212.43,0.15,6980.56,2028.47,0.29058843416574026,Oct,10
ORD-000393,2025-11-17,CUST-0337,Budget,East,Website,Headphones,Accessories,1,3235.27,0.15,2749.98,702.05,0.2552927657655692,Nov,11
ORD-000394,2025-03-18,CUST-0122,Regular,South,Website,Keyboard,Accessories,1,2552.22,0.0,2552.22,1148.5,0.4500003918157526,Mar,3
ORD-000395,2025-04-26,CUST-0266,Budget,East,Mobile App,Headphones,Accessories,1,3239.14,0.0,3239.14,1295.65,0.3999981476564768,Apr,4
ORD-000396,2025-08-22,CUST-0097,Regular,East,Website,Office Chair,Furniture,1,11616.74,0.05,11035.91,3241.07,0.2936839825623805,Aug,8
ORD-000397,2025-09-28,CUST-0080,Regular,South,Website,Laptop,Electronics,4,64561.44,0.0,258245.74,69726.35,0.2700000007744562,Sep,9
ORD-000398,2025-03-17,CUST-0110,Budget,West,Mobile App,Keyboard,Accessories,1,2781.18,0.15,2364.01,742.58,0.31411880660403296,Mar,3
ORD-000399,2025-08-03,CUST-0117,Regular,West,Mobile App,Keyboard,Accessories,1,2487.29,0.15,2114.2,664.11,0.31411881562766064,Aug,8
ORD-000400,2025-04-27,CUST-0049,Budget,North,Marketplace,Mouse,Accessories,2,1174.35,0.2,1878.96,554.29,0.2949982969302167,Apr,4
ORD-000401,2025-01-18,CUST-0069,Regular,South,Mobile App,Laptop,Electronics,1,68130.79,0.2,54504.63,1771.4,0.03249999128514404,Jan,1
ORD-000402,2025-09-09,CUST-0183,Premium,East,Website,Smartphone,Electronics,1,29858.45,0.0,29858.45,6568.86,0.2200000334913567,Sep,9
ORD-000403,2025-05-20,CUST-0051,Regular,North,Website,Laptop,Electronics,2,63007.98,0.1,113414.36,18650.36,0.16444443190439023,May,5
ORD-000404,2025-06-23,CUST-0327,Regular,North,Website,Desk,Furniture,1,14944.31,0.1,13449.88,3556.75,0.2644447385404182,Jun,6
ORD-000405,2025-03-14,CUST-0109,Premium,North,Marketplace,Monitor,Electronics,1,16846.49,0.1,15161.84,3335.6,0.21999968341573317,Mar,3
ORD-000406,2025-08-13,CUST-0398,Budget,South,Website,Headphones,Accessories,1,3730.55,0.1,3357.5,1037.09,0.3088875651526433,Aug,8
ORD-000407,2025-12-19,CUST-0117,Regular,West,Mobile App,Mouse,Accessories,2,1321.62,0.0,2643.25,1268.76,0.48,Dec,12
ORD-000408,2025-11-28,CUST-0327,Regular,North,Marketplace,Office Chair,Furniture,1,11409.48,0.05,10839.01,3183.24,0.293683648229866,Nov,11
ORD-000409,2025-10-20,CUST-0081,Budget,West,Website,Desk,Furniture,1,16018.51,0.1,14416.66,3812.41,0.26444474656404465,Oct,10
ORD-000410,2025-01-28,CUST-0357,Budget,West,Website,Backpack,Lifestyle,4,2780.6,0.0,11122.42,5561.21,0.5,Jan,1
ORD-000411,2025-05-30,CUST-0078,Budget,South,Website,Desk,Furniture,2,16274.7,0.0,32549.39,11717.78,0.35999998771098324,May,5
ORD-000412,2025-10-06,CUST-0193,Budget,North,Mobile App,Mouse,Accessories,1,1206.78,0.05,1146.44,505.64,0.4410523010362513,Oct,10
ORD-000413,2025-05-29,CUST-0378,Budget,West,Marketplace,Monitor,Electronics,1,18033.93,0.1,16230.54,3570.72,0.22000007393469345,May,5
ORD-000414,2025-07-03,CUST-0139,Regular,West,Website,Headphones,Accessories,2,3686.55,0.0,7373.1,2949.24,0.39999999999999997,Jul,7
ORD-000415,2025-10-30,CUST-0258,Premium,East,Marketplace,Smartwatch,Lifestyle,1,7373.91,0.05,7005.21,2720.97,0.3884209038701195,Oct,10
ORD-000416,2025-08-29,CUST-0350,Regular,West,Marketplace,Smartwatch,Lifestyle,2,8359.82,0.2,13375.71,3109.85,0.23249980748685492,Aug,8
ORD-000417,2025-09-25,CUST-0221,Premium,North,Marketplace,Smartphone,Electronics,1,31589.76,0.1,28430.78,3095.8,0.10888902801822532,Sep,9
ORD-000418,2025-03-27,CUST-0262,Regular,South,Marketplace,Smartphone,Electronics,3,33313.09,0.1,89945.33,9794.05,0.10888892174835535,Mar,3
ORD-000419,2025-09-21,CUST-0073,Budget,North,Mobile App,Mouse,Accessories,4,1245.78,0.1,4484.8,1783.95,0.3977769354263289,Sep,9
ORD-000420,2025-05-02,CUST-0286,Budget,East,Marketplace,Laptop,Electronics,2,62891.67,0.1,113205.0,18615.93,0.16444441499933748,May,5
ORD-000421,2025-02-27,CUST-0327,Regular,North,Mobile App,Backpack,Lifestyle,2,2908.74,0.0,5817.49,2908.74,0.49999914052280275,Feb,2
ORD-000422,2025-09-10,CUST-0120,Regular,East,Website,Mouse,Accessories,1,1140.59,0.0,1140.59,547.48,0.47999719443445943,Sep,9
ORD-000423,2025-06-20,CUST-0009,Budget,West,Mobile App,Smartwatch,Lifestyle,2,8255.36,0.2,13208.58,3071.0,0.2325003898980814,Jun,6
ORD-000424,2025-03-24,CUST-0110,Budget,West,Marketplace,Smartwatch,Lifestyle,2,8057.36,0.1,14503.24,4963.33,0.34222215173988707,Mar,3
ORD-000425,2025-10-27,CUST-0094,Premium,North,Marketplace,Monitor,Electronics,2,18004.05,0.05,34207.69,9326.1,0.27263168018653117,Oct,10
ORD-000426,2025-05-14,CUST-0300,Regular,West,Website,Smartwatch,Lifestyle,1,8307.98,0.05,7892.58,3065.64,0.38842051648510373,May,5
ORD-000427,2025-06-08,CUST-0064,Budget,East,Website,Monitor,Electronics,1,16460.41,0.0,16460.41,5267.33,0.31999992709780617,Jun,6
ORD-000428,2025-11-19,CUST-0313,Budget,South,Mobile App,Desk,Furniture,1,16534.8,0.05,15708.06,4943.9,0.3147365110650201,Nov,11
ORD-000429,2025-02-08,CUST-0140,Budget,North,Website,Keyboard,Accessories,1,2610.42,0.05,2479.9,1015.45,0.40947215613532806,Feb,2
ORD-000430,2025-06-23,CUST-0305,Regular,South,Mobile App,Mouse,Accessories,1,1252.26,0.0,1252.26,601.08,0.47999616693019026,Jun,6
ORD-000431,2025-01-18,CUST-0302,Regular,South,Website,Keyboard,Accessories,1,2522.24,0.1,2270.01,827.29,0.364443328443487,Jan,1
ORD-000432,2025-09-25,CUST-0082,Regular,South,Mobile App,Desk,Furniture,1,16847.17,0.15,14320.09,2981.95,0.20823542310139112,Sep,9
ORD-000433,2025-04-04,CUST-0372,Regular,East,Mobile App,Mouse,Accessories,4,1148.13,0.05,4362.91,1924.27,0.4410519584405821,Apr,4
ORD-000434,2025-02-12,CUST-0164,Regular,North,Mobile App,Laptop,Electronics,3,66058.56,0.1,178358.11,29330.0,0.16444444270013853,Feb,2
ORD-000435,2025-02-27,CUST-0290,Budget,North,Website,Monitor,Electronics,1,17919.38,0.15,15231.47,2454.96,0.16117682666216723,Feb,2
ORD-000436,2025-01-29,CUST-0056,Regular,East,Mobile App,Mouse,Accessories,1,1165.99,0.05,1107.69,488.55,0.44105300219375454,Jan,1
ORD-000437,2025-09-21,CUST-0026,Budget,North,Marketplace,Backpack,Lifestyle,1,2582.6,0.1,2324.34,976.22,0.41999879535696155,Sep,9
ORD-000438,2025-10-08,CUST-0073,Budget,North,Mobile App,Mouse,Accessories,2,1243.44,0.15,2113.84,738.6,0.34941149755894485,Oct,10
ORD-000439,2025-10-25,CUST-0288,Regular,North,Website,Desk,Furniture,1,14343.09,0.15,12191.62,2538.73,0.2082356569512501,Oct,10
ORD-000440,2025-01-26,CUST-0315,Budget,West,Website,Desk,Furniture,1,16212.29,0.15,13780.45,2869.58,0.20823558011530827,Jan,1
ORD-000441,2025-01-30,CUST-0257,Budget,North,Website,Headphones,Accessories,1,3499.12,0.1,3149.2,972.75,0.30888797154832975,Jan,1
ORD-000442,2025-08-18,CUST-0341,Budget,South,Mobile App,Monitor,Electronics,1,18347.97,0.2,14678.38,1394.45,0.09500026569689571,Aug,8
ORD-000443,2025-02-03,CUST-0230,Regular,North,Mobile App,Smartphone,Electronics,1,30944.53,0.1,27850.07,3032.56,0.10888877478584434,Feb,2
ORD-000444,2025-06-15,CUST-0168,Regular,West,Mobile App,Headphones,Accessories,1,3667.68,0.05,3484.29,1243.34,0.35684170950179234,Jun,6
ORD-000445,2025-04-28,CUST-0237,Regular,South,Mobile App,Smartphone,Electronics,2,33811.37,0.2,54098.19,-1622.95,-0.030000079485099224,Apr,4
ORD-000446,2025-10-15,CUST-0372,Regular,East,Mobile App,Monitor,Electronics,1,16975.23,0.1,15277.71,3361.1,0.22000024872837617,Oct,10
ORD-000447,2025-12-19,CUST-0192,Budget,West,Website,Mouse,Accessories,1,1282.1,0.05,1217.99,537.2,0.44105452425717784,Dec,12
ORD-000448,2025-01-20,CUST-0056,Regular,East,Website,Office Chair,Furniture,1,10943.3,0.1,9848.97,2385.64,0.24222228314229813,Jan,1
ORD-000449,2025-05-20,CUST-0188,Regular,East,Website,Smartwatch,Lifestyle,1,7968.66,0.0,7968.66,3426.52,0.4299995231318691,May,5
ORD-000450,2025-04-06,CUST-0260,Premium,South,Website,Headphones,Accessories,1,3676.09,0.05,3492.28,1246.19,0.35684137583469827,Apr,4
ORD-000451,2025-04-10,CUST-0339,Budget,East,Website,Mouse,Accessories,1,1155.65,0.0,1155.65,554.71,0.4799982693722148,Apr,4
ORD-000452,2025-02-11,CUST-0361,Regular,East,Mobile App,Backpack,Lifestyle,1,2617.71,0.05,2486.82,1149.17,0.4621042134131139,Feb,2
ORD-000453,2025-02-01,CUST-0003,Regular,North,Marketplace,Office Chair,Furniture,2,11164.44,0.1,20095.99,4867.7,0.2422224533352176,Feb,2
ORD-000454,2025-02-24,CUST-0006,Regular,North,Marketplace,Mouse,Accessories,1,1141.09,0.05,1084.03,478.12,0.44105790430154146,Feb,2
ORD-000455,2025-09-30,CUST-0371,Regular,West,Website,Smartphone,Electronics,2,32705.63,0.05,62140.7,10400.39,0.16736840750104198,Sep,9
ORD-000456,2025-06-16,CUST-0174,Budget,East,Mobile App,Mouse,Accessories,1,1172.84,0.05,1114.2,491.42,0.4410518757853168,Jun,6
ORD-000457,2025-09-24,CUST-0049,Budget,North,Mobile App,Headphones,Accessories,3,3584.36,0.0,10753.08,4301.23,0.39999981400677753,Sep,9
ORD-000458,2025-11-10,CUST-0369,Budget,North,Website,Keyboard,Accessories,1,2508.51,0.1,2257.66,822.79,0.3644437160599913,Nov,11
ORD-000459,2025-09-15,CUST-0017,Premium,South,Website,Smartphone,Electronics,2,33483.01,0.0,66966.02,14732.52,0.219999934295035,Sep,9
ORD-000460,2025-07-29,CUST-0298,Budget,West,Mobile App,Monitor,Electronics,1,17839.12,0.05,16947.16,4620.33,0.2726315205615572,Jul,7
ORD-000461,2025-10-01,CUST-0193,Budget,North,Mobile App,Desk,Furniture,1,15594.86,0.0,15594.86,5614.15,0.36000002564947675,Oct,10
ORD-000462,2025-10-14,CUST-0100,Regular,North,Website,Monitor,Electronics,1,17977.84,0.0,17977.84,5752.91,0.3200000667488419,Oct,10
ORD-000463,2025-01-17,CUST-0141,Premium,South,Marketplace,Smartwatch,Lifestyle,2,8451.51,0.05,16057.87,6237.22,0.3884213784269022,Jan,1
ORD-000464,2025-03-23,CUST-0043,Budget,North,Mobile App,Desk,Furniture,1,14465.53,0.1,13018.98,3442.8,0.2644446799979722,Mar,3
ORD-000465,2025-09-16,CUST-0287,Budget,West,Website,Monitor,Electronics,1,17992.66,0.05,17093.03,4660.1,0.2726315931113443,Sep,9
ORD-000466,2025-10-29,CUST-0065,Regular,South,Mobile App,Backpack,Lifestyle,2,3117.92,0.05,5924.05,2737.54,0.4621061604814274,Oct,10
ORD-000467,2025-10-20,CUST-0194,Budget,North,Mobile App,Office Chair,Furniture,3,11550.34,0.15,29453.36,5440.21,0.18470592149758125,Oct,10
ORD-000468,2025-09-21,CUST-0062,Budget,South,Marketplace,Office Chair,Furniture,1,12821.92,0.0,12821.92,4359.45,0.33999978162396893,Sep,9
ORD-000469,2025-01-13,CUST-0060,Budget,South,Mobile App,Smartphone,Electronics,1,33213.19,0.0,33213.19,7306.9,0.21999994580466373,Jan,1
ORD-000470,2025-12-25,CUST-0203,Premium,East,Website,Desk,Furniture,2,14453.24,0.15,24570.51,5116.45,0.20823540089318457,Dec,12
ORD-000471,2025-12-06,CUST-0028,Regular,West,Website,Headphones,Accessories,1,3801.54,0.05,3611.46,1288.72,0.3568418312815316,Dec,12
ORD-000472,2025-11-06,CUST-0386,Regular,South,Website,Smartwatch,Lifestyle,2,8566.9,0.0,17133.8,7367.53,0.4299997665433237,Nov,11
ORD-000473,2025-03-02,CUST-0338,Premium,South,Website,Monitor,Electronics,3,17937.53,0.05,51121.97,13937.46,0.27263151243975925,Mar,3
ORD-000474,2025-10-14,CUST-0032,Premium,South,Website,Headphones,Accessories,1,3787.48,0.1,3408.73,1052.92,0.3088892344069492,Oct,10
ORD-000475,2025-04-04,CUST-0029,Regular,West,Website,Office Chair,Furniture,3,12196.49,0.2,29271.58,3512.59,0.12000001366513184,Apr,4
ORD-000476,2025-06-16,CUST-0134,Regular,West,Website,Smartphone,Electronics,1,33260.53,0.05,31597.5,5288.42,0.16736830445446635,Jun,6
ORD-000477,2025-10-16,CUST-0015,Premium,North,Website,Monitor,Electronics,1,18719.82,0.1,16847.84,3706.53,0.2200003086449064,Oct,10
ORD-000478,2025-10-16,CUST-0243,Regular,West,Website,Keyboard,Accessories,1,2605.12,0.0,2605.12,1172.3,0.44999846456209314,Oct,10
ORD-000479,2025-05-23,CUST-0076,Regular,East,Marketplace,Desk,Furniture,1,14953.54,0.0,14953.54,5383.28,0.3600003744932638,May,5
ORD-000480,2025-08-20,CUST-0041,Premium,South,Website,Laptop,Electronics,2,70785.97,0.05,134493.34,29588.54,0.22000003866362455,Aug,8
ORD-000481,2025-04-26,CUST-0330,Regular,East,Website,Keyboard,Accessories,1,2355.02,0.0,2355.02,1059.76,0.45000042462484396,Apr,4
ORD-000482,2025-05-09,CUST-0097,Regular,East,Mobile App,Keyboard,Accessories,3,2375.46,0.0,7126.38,3206.87,0.4499998596763013,May,5
ORD-000483,2025-07-25,CUST-0007,Regular,North,Mobile App,Desk,Furniture,2,14432.22,0.2,23091.54,3348.27,0.14499985709051885,Jul,7
ORD-000484,2025-10-18,CUST-0371,Regular,West,Website,Laptop,Electronics,1,69989.67,0.0,69989.67,18897.21,0.2699999871409595,Oct,10
ORD-000485,2025-10-01,CUST-0186,Budget,West,Marketplace,Smartwatch,Lifestyle,2,8237.51,0.0,16475.03,7084.26,0.42999982397604136,Oct,10
ORD-000486,2025-05-28,CUST-0347,Budget,North,Marketplace,Headphones,Accessories,4,3619.26,0.0,14477.03,5790.81,0.39999986185011704,May,5
ORD-000487,2025-08-18,CUST-0357,Budget,West,Website,Keyboard,Accessories,2,2539.25,0.05,4824.57,1975.53,0.40947276130307986,Aug,8
ORD-000488,2025-12-26,CUST-0072,Regular,North,Marketplace,Laptop,Electronics,1,63567.58,0.15,54032.44,5530.38,0.10235295685332738,Dec,12
ORD-000489,2025-02-20,CUST-0072,Regular,North,Website,Office Chair,Furniture,1,12090.43,0.05,11485.91,3373.23,0.2936841747845839,Feb,2
ORD-000490,2025-08-02,CUST-0388,Regular,South,Mobile App,Backpack,Lifestyle,1,2846.32,0.0,2846.32,1423.16,0.5,Aug,8
ORD-000491,2025-02-27,CUST-0084,Regular,West,Mobile App,Mouse,Accessories,1,1221.87,0.1,1099.68,437.43,0.39777935399388914,Feb,2
ORD-000492,2025-05-05,CUST-0348,Budget,East,Mobile App,Monitor,Electronics,1,18240.14,0.2,14592.11,1386.25,0.09499996916141668,May,5
ORD-000493,2025-11-04,CUST-0129,Budget,West,Marketplace,Laptop,Electronics,2,62869.01,0.05,119451.12,26279.25,0.22000003013785055,Nov,11
ORD-000494,2025-05-07,CUST-0250,Budget,South,Website,Monitor,Electronics,1,19397.17,0.1,17457.45,3840.64,0.22000005728213454,May,5
ORD-000495,2025-05-10,CUST-0151,Regular,West,Website,Smartphone,Electronics,1,34846.94,0.1,31362.25,3415.0,0.10888887117474033,May,5
ORD-000496,2025-08-15,CUST-0362,Regular,West,Website,Backpack,Lifestyle,3,3019.83,0.1,8153.55,3424.49,0.41999987735403593,Aug,8
ORD-000497,2025-08-23,CUST-0178,Regular,South,Mobile App,Headphones,Accessories,2,3948.03,0.2,6316.84,1231.78,0.1949993984333939,Aug,8
ORD-000498,2025-04-01,CUST-0020,Budget,North,Marketplace,Office Chair,Furniture,2,11912.42,0.05,22633.6,6647.13,0.2936841686695886,Apr,4
ORD-000499,2025-12-27,CUST-0049,Budget,North,Mobile App,Backpack,Lifestyle,1,2758.02,0.05,2620.12,1210.77,0.4621047890936293,Dec,12
ORD-000500,2025-08-03,CUST-0301,Budget,North,Mobile App,Backpack,Lifestyle,1,2745.72,0.05,2608.43,1205.37,0.46210555774929746,Aug,8
ORD-000501,2025-06-03,CUST-0388,Regular,South,Website,Monitor,Electronics,1,19968.62,0.1,17971.76,3953.79,0.22000015579998844,Jun,6
ORD-000502,2025-06-05,CUST-0019,Regular,North,Mobile App,Backpack,Lifestyle,1,2763.34,0.1,2487.01,1044.54,0.4199983112251257,Jun,6
ORD-000503,2025-03-23,CUST-0282,Regular,South,Mobile App,Keyboard,Accessories,1,2762.3,0.05,2624.19,1074.53,0.40947111299105626,Mar,3
ORD-000504,2025-08-27,CUST-0378,Budget,West,Marketplace,Keyboard,Accessories,1,2391.43,0.0,2391.43,1076.14,0.44999853644053983,Aug,8
ORD-000505,2025-04-19,CUST-0261,Regular,South,Mobile App,Keyboard,Accessories,1,2627.35,0.1,2364.62,861.77,0.3644433355042248,Apr,4
ORD-000506,2025-07-21,CUST-0393,Regular,East,Marketplace,Office Chair,Furniture,2,10970.41,0.1,19746.74,4783.1,0.24222226048451542,Jul,7
ORD-000507,2025-03-17,CUST-0229,Regular,South,Website,Office Chair,Furniture,1,11892.41,0.05,11297.79,3317.98,0.2936839859830993,Mar,3
ORD-000508,2025-06-02,CUST-0271,Budget,North,Mobile App,Smartphone,Electronics,1,31061.33,0.05,29508.26,4938.75,0.16736839108778356,Jun,6
ORD-000509,2025-08-19,CUST-0042,Premium,West,Mobile App,Headphones,Accessories,1,3611.45,0.15,3069.73,783.68,0.25529281076837373,Aug,8
ORD-000510,2025-05-16,CUST-0168,Regular,West,Website,Smartphone,Electronics,4,33286.9,0.1,119832.83,13048.46,0.10888885791982046,May,5
ORD-000511,2025-03-21,CUST-0379,Budget,North,Website,Monitor,Electronics,1,17375.88,0.0,17375.88,5560.28,0.3199999079183327,Mar,3
ORD-000512,2025-01-20,CUST-0291,Premium,West,Website,Office Chair,Furniture,4,12516.04,0.0,50064.16,17021.81,0.3399999121127769,Jan,1
ORD-000513,2025-10-21,CUST-0353,Premium,North,Website,Smartwatch,Lifestyle,1,8386.82,0.1,7548.13,2583.14,0.34222251074107096,Oct,10
ORD-000514,2025-03-20,CUST-0152,Budget,North,Mobile App,Mouse,Accessories,1,1216.83,0.1,1095.15,435.63,0.397781125873168,Mar,3
ORD-000515,2025-10-28,CUST-0030,Premium,West,Website,Laptop,Electronics,1,68858.92,0.1,61973.03,10191.12,0.1644444365557082,Oct,10
ORD-000516,2025-03-04,CUST-0198,Regular,South,Mobile App,Desk,Furniture,3,15687.61,0.2,37650.27,5459.29,0.14500002257619934,Mar,3
ORD-000517,2025-12-10,CUST-0075,Budget,West,Mobile App,Mouse,Accessories,1,1284.73,0.05,1220.49,538.3,0.4410523642143729,Dec,12
ORD-000518,2025-11-08,CUST-0193,Budget,North,Website,Laptop,Electronics,2,66883.05,0.05,127077.8,27957.12,0.22000003147678035,Nov,11
ORD-000519,2025-08-18,CUST-0299,Budget,North,Website,Smartwatch,Lifestyle,1,7545.83,0.05,7168.54,2784.41,0.3884207941924018,Aug,8
ORD-000520,2025-06-03,CUST-0305,Regular,South,Marketplace,Office Chair,Furniture,3,11813.23,0.05,33667.69,9887.67,0.29368424147899663,Jun,6
ORD-000521,2025-06-20,CUST-0353,Premium,North,Marketplace,Smartphone,Electronics,1,31070.68,0.0,31070.68,6835.55,0.22000001287387339,Jun,6
ORD-000522,2025-12-30,CUST-0070,Premium,North,Website,Smartwatch,Lifestyle,3,8229.08,0.2,19749.8,4591.83,0.23250007595013622,Dec,12
ORD-000523,2025-06-22,CUST-0147,Budget,North,Marketplace,Office Chair,Furniture,1,12265.47,0.05,11652.2,3422.07,0.29368445443778857,Jun,6
ORD-000524,2025-07-22,CUST-0253,Budget,West,Mobile App,Laptop,Electronics,1,66980.3,0.0,66980.3,18084.68,0.26999998507023704,Jul,7
ORD-000525,2025-04-29,CUST-0283,Premium,South,Website,Smartwatch,Lifestyle,3,8677.88,0.1,23430.26,8018.36,0.3422224081166833,Apr,4
ORD-000526,2025-10-28,CUST-0169,Regular,North,Mobile App,Desk,Furniture,2,16162.9,0.15,27476.92,5721.67,0.20823549364339236,Oct,10
ORD-000527,2025-02-11,CUST-0256,Budget,West,Marketplace,Keyboard,Accessories,1,2586.24,0.15,2198.3,690.53,0.3141200018195878,Feb,2
ORD-000528,2025-06-28,CUST-0206,Premium,West,Mobile App,Smartphone,Electronics,2,34208.38,0.05,64995.92,10878.26,0.16736835173653977,Jun,6
ORD-000529,2025-11-12,CUST-0395,Regular,North,Mobile App,Headphones,Accessories,1,3778.78,0.2,3023.02,589.49,0.19500036387453606,Nov,11
ORD-000530,2025-08-03,CUST-0269,Budget,North,Mobile App,Smartwatch,Lifestyle,1,7857.62,0.1,7071.85,2420.15,0.3422230392330154,Aug,8
ORD-000531,2025-05-18,CUST-0375,Regular,South,Mobile App,Keyboard,Accessories,2,2832.29,0.0,5664.59,2549.07,0.45000079440877455,May,5
ORD-000532,2025-04-22,CUST-0346,Regular,West,Marketplace,Smartwatch,Lifestyle,1,8274.73,0.2,6619.79,1539.1,0.23249982250192225,Apr,4
ORD-000533,2025-06-23,CUST-0191,Budget,West,Website,Desk,Furniture,3,15341.13,0.2,36818.71,5338.71,0.14499991987769262,Jun,6
ORD-000534,2025-10-05,CUST-0050,Budget,South,Website,Backpack,Lifestyle,2,3105.64,0.1,5590.15,2347.86,0.41999946334177085,Oct,10
ORD-000535,2025-05-18,CUST-0081,Budget,West,Mobile App,Keyboard,Accessories,1,2750.11,0.1,2475.1,902.04,0.3644458809745061,May,5
ORD-000536,2025-12-08,CUST-0146,Budget,South,Website,Laptop,Electronics,1,67289.35,0.15,57195.95,5854.17,0.10235287638372997,Dec,12
ORD-000537,2025-07-24,CUST-0141,Premium,South,Website,Monitor,Electronics,1,18497.76,0.0,18497.76,5919.28,0.31999982700608076,Jul,7
ORD-000538,2025-01-06,CUST-0377,Budget,North,Website,Office Chair,Furniture,1,11358.29,0.1,10222.46,2476.11,0.2422225178675192,Jan,1
ORD-000539,2025-12-10,CUST-0026,Budget,North,Mobile App,Smartwatch,Lifestyle,4,8395.18,0.05,31901.7,12391.29,0.38842099323860485,Dec,12
ORD-000540,2025-09-18,CUST-0307,Regular,West,Marketplace,Keyboard,Accessories,1,2674.09,0.1,2406.68,877.1,0.3644439642993668,Sep,9
ORD-000541,2025-07-08,CUST-0379,Budget,North,Website,Mouse,Accessories,1,1166.69,0.0,1166.69,560.01,0.47999897144914244,Jul,7
ORD-000542,2025-10-04,CUST-0307,Regular,West,Marketplace,Office Chair,Furniture,2,11577.26,0.15,19681.34,3635.26,0.18470591941402364,Oct,10
ORD-000543,2025-07-05,CUST-0168,Regular,West,Mobile App,Laptop,Electronics,1,65036.94,0.0,65036.94,17559.97,0.2699999415716668,Jul,7
ORD-000544,2025-01-02,CUST-0333,Regular,North,Mobile App,Smartphone,Electronics,1,33717.56,0.05,32031.68,5361.09,0.1673683678158623,Jan,1
ORD-000545,2025-04-20,CUST-0169,Regular,North,Mobile App,Monitor,Electronics,4,18467.64,0.1,66483.52,14626.37,0.2199999338181853,Apr,4
ORD-000546,2025-11-13,CUST-0175,Budget,West,Mobile App,Backpack,Lifestyle,1,2778.87,0.2,2223.09,711.39,0.3200005397892123,Nov,11
ORD-000547,2025-12-25,CUST-0013,Premium,South,Website,Smartphone,Electronics,1,32919.17,0.05,31273.21,5234.15,0.1673684920735671,Dec,12
ORD-000548,2025-11-29,CUST-0307,Regular,West,Website,Office Chair,Furniture,1,12147.5,0.05,11540.13,3389.15,0.2936838666462163,Nov,11
ORD-000549,2025-09-28,CUST-0337,Budget,East,Website,Laptop,Electronics,2,65633.38,0.05,124703.42,27434.75,0.21999998075433697,Sep,9
ORD-000550,2025-09-20,CUST-0056,Regular,East,Website,Monitor,Electronics,1,16432.18,0.1,14788.96,3253.57,0.21999991885839168,Sep,9
ORD-000551,2025-05-26,CUST-0091,Regular,North,Website,Mouse,Accessories,1,1203.8,0.05,1143.61,504.39,0.4410507078462063,May,5
ORD-000552,2025-01-05,CUST-0270,Budget,North,Website,Smartwatch,Lifestyle,1,8344.9,0.15,7093.16,2061.19,0.29058839783678925,Jan,1
ORD-000553,2025-12-06,CUST-0093,Regular,East,Website,Keyboard,Accessories,1,2421.81,0.15,2058.54,646.62,0.3141158296656854,Dec,12
ORD-000554,2025-06-13,CUST-0165,Budget,South,Mobile App,Smartwatch,Lifestyle,1,8677.77,0.0,8677.77,3731.44,0.429999873239323,Jun,6
ORD-000555,2025-10-23,CUST-0074,Budget,East,Website,Headphones,Accessories,2,3389.17,0.15,5761.59,1470.9,0.2552941115212988,Oct,10
ORD-000556,2025-10-05,CUST-0400,Regular,East,Marketplace,Office Chair,Furniture,1,11220.24,0.15,9537.21,1761.58,0.18470600940946041,Oct,10
ORD-000557,2025-05-13,CUST-0045,Premium,West,Website,Monitor,Electronics,1,19356.73,0.1,17421.06,3832.63,0.21999981631427706,May,5
ORD-000558,2025-07-29,CUST-0237,Regular,South,Marketplace,Office Chair,Furniture,1,12614.52,0.05,11983.8,3519.45,0.29368397336404145,Jul,7
ORD-000559,2025-10-14,CUST-0393,Regular,East,Marketplace,Headphones,Accessories,1,3296.02,0.05,3131.22,1117.35,0.3568417421963324,Oct,10
ORD-000560,2025-04-02,CUST-0222,Budget,West,Mobile App,Mouse,Accessories,3,1335.92,0.05,3807.38,1679.25,0.4410513266340633,Apr,4
ORD-000561,2025-04-08,CUST-0175,Budget,West,Mobile App,Smartphone,Electronics,3,32221.95,0.05,91832.55,15369.87,0.16736843308826774,Apr,4
ORD-000562,2025-07-29,CUST-0119,Regular,West,Mobile App,Office Chair,Furniture,1,12200.87,0.05,11590.83,3404.04,0.2936838863135772,Jul,7
ORD-000563,2025-12-28,CUST-0224,Regular,East,Website,Backpack,Lifestyle,2,2610.34,0.0,5220.69,2610.34,0.49999904227219016,Dec,12
ORD-000564,2025-09-23,CUST-0037,Regular,North,Website,Headphones,Accessories,1,3371.12,0.2,2696.9,525.89,0.19499796062145425,Sep,9
ORD-000565,2025-07-11,CUST-0007,Regular,North,Website,Headphones,Accessories,1,3528.96,0.05,3352.51,1196.32,0.35684308175068824,Jul,7
ORD-000566,2025-02-15,CUST-0216,Budget,East,Mobile App,Keyboard,Accessories,2,2417.2,0.05,4592.68,1880.58,0.40947333583005996,Feb,2
ORD-000567,2025-05-28,CUST-0256,Budget,West,Mobile App,Keyboard,Accessories,2,2635.35,0.1,4743.63,1728.79,0.36444452876805317,May,5
ORD-000568,2025-02-09,CUST-0187,Regular,West,Website,Desk,Furniture,3,15450.73,0.1,41716.97,11031.82,0.2644444215387647,Feb,2
ORD-000569,2025-07-16,CUST-0227,Budget,East,Website,Desk,Furniture,1,14047.2,0.05,13344.84,4200.11,0.31473663228633686,Jul,7
ORD-000570,2025-05-03,CUST-0162,Regular,South,Marketplace,Office Chair,Furniture,1,11957.66,0.1,10761.9,2606.77,0.2422220983283621,May,5
ORD-000571,2025-02-15,CUST-0070,Premium,North,Website,Laptop,Electronics,2,62301.68,0.0,124603.36,33642.91,0.27000002247130417,Feb,2
ORD-000572,2025-12-26,CUST-0105,Regular,East,Mobile App,Smartwatch,Lifestyle,1,8236.81,0.15,7001.29,2034.49,0.2905878773768834,Dec,12
ORD-000573,2025-07-12,CUST-0337,Budget,East,Website,Laptop,Electronics,2,58764.75,0.05,111653.02,24563.67,0.22000005015538315,Jul,7
ORD-000574,2025-03-05,CUST-0389,Premium,East,Mobile App,Monitor,Electronics,1,18364.46,0.0,18364.46,5876.63,0.3200001524684091,Mar,3
ORD-000575,2025-02-09,CUST-0303,Budget,East,Website,Smartphone,Electronics,1,30062.23,0.15,25552.89,1112.3,0.043529322906332706,Feb,2
ORD-000576,2025-07-23,CUST-0377,Budget,North,Mobile App,Headphones,Accessories,4,3398.17,0.0,13592.7,5437.08,0.39999999999999997,Jul,7
ORD-000577,2025-03-14,CUST-0017,Premium,South,Website,Headphones,Accessories,1,3741.09,0.2,2992.87,583.61,0.19500011694460503,Mar,3
ORD-000578,2025-01-16,CUST-0254,Regular,East,Mobile App,Office Chair,Furniture,3,11384.13,0.1,30737.15,7445.22,0.24222219691806168,Jan,1
ORD-000579,2025-05-05,CUST-0228,Regular,East,Marketplace,Smartphone,Electronics,2,28492.81,0.0,56985.62,12536.84,0.22000006317383228,May,5
ORD-000580,2025-01-22,CUST-0336,Budget,South,Mobile App,Backpack,Lifestyle,2,2950.7,0.1,5311.26,2230.73,0.4200001506233926,Jan,1
ORD-000581,2025-10-28,CUST-0097,Regular,East,Mobile App,Backpack,Lifestyle,1,2637.37,0.05,2505.5,1157.81,0.4621073637996408,Oct,10
ORD-000582,2025-01-07,CUST-0270,Budget,North,Marketplace,Office Chair,Furniture,1,11380.32,0.1,10242.29,2480.91,0.24222219835603168,Jan,1
ORD-000583,2025-04-10,CUST-0015,Premium,North,Mobile App,Smartphone,Electronics,3,30761.99,0.15,78443.07,3414.58,0.04352940291602559,Apr,4
ORD-000584,2025-11-18,CUST-0024,Budget,North,Mobile App,Laptop,Electronics,1,69545.19,0.1,62590.67,10292.69,0.16444447710816965,Nov,11
ORD-000585,2025-03-30,CUST-0328,Budget,West,Website,Laptop,Electronics,2,69454.97,0.15,118073.46,12085.17,0.10235297585079661,Mar,3
ORD-000586,2025-07-23,CUST-0289,Regular,South,Website,Desk,Furniture,1,15234.87,0.15,12949.64,2696.57,0.20823513240522518,Jul,7
ORD-000587,2025-01-10,CUST-0378,Budget,West,Marketplace,Headphones,Accessories,1,3710.59,0.0,3710.59,1484.24,0.40000107799568263,Jan,1
ORD-000588,2025-03-16,CUST-0225,Budget,South,Website,Monitor,Electronics,2,19618.92,0.15,33352.17,5375.59,0.16117661909255082,Mar,3
ORD-000589,2025-11-14,CUST-0274,Regular,West,Mobile App,Office Chair,Furniture,1,11950.17,0.05,11352.67,3334.1,0.2936842170167899,Nov,11
ORD-000590,2025-08-01,CUST-0086,Regular,South,Mobile App,Smartwatch,Lifestyle,3,8613.77,0.0,25841.3,11111.76,0.43000003869774356,Aug,8
ORD-000591,2025-02-16,CUST-0231,Regular,North,Website,Smartwatch,Lifestyle,1,8340.48,0.05,7923.46,3077.64,0.3884212200225659,Feb,2
ORD-000592,2025-09-08,CUST-0355,Budget,North,Website,Desk,Furniture,1,15338.57,0.05,14571.64,4586.23,0.31473670774188767,Sep,9
ORD-000593,2025-06-13,CUST-0192,Budget,West,Mobile App,Keyboard,Accessories,1,2618.86,0.05,2487.92,1018.74,0.4094745811762436,Jun,6
ORD-000594,2025-03-24,CUST-0127,Regular,East,Website,Backpack,Lifestyle,1,2838.91,0.05,2696.96,1246.28,0.4621054817275747,Mar,3
ORD-000595,2025-05-07,CUST-0285,Budget,South,Mobile App,Backpack,Lifestyle,1,3059.39,0.05,2906.42,1343.07,0.4621045822695962,May,5
ORD-000596,2025-06-16,CUST-0057,Regular,North,Website,Mouse,Accessories,2,1143.89,0.1,2059.0,819.02,0.3977756192326372,Jun,6
ORD-000597,2025-04-02,CUST-0123,Budget,North,Website,Office Chair,Furniture,2,12088.82,0.0,24177.65,8220.4,0.33999995863948723,Apr,4
ORD-000598,2025-05-08,CUST-0272,Regular,West,Mobile App,Smartwatch,Lifestyle,1,8125.78,0.0,8125.78,3494.09,0.43000056609950066,May,5
ORD-000599,2025-02-08,CUST-0142,Budget,South,Website,Headphones,Accessories,1,3650.62,0.1,3285.56,1014.87,0.3088879825661379,Feb,2
ORD-000600,2025-07-02,CUST-0344,Regular,North,Marketplace,Mouse,Accessories,1,1239.5,0.05,1177.52,519.35,0.44105407976085337,Jul,7
ORD-000601,2025-10-14,CUST-0162,Regular,South,Marketplace,Mouse,Accessories,3,1223.42,0.1,3303.23,1313.95,0.3977773270405028,Oct,10
ORD-000602,2025-01-14,CUST-0387,Premium,East,Website,Office Chair,Furniture,1,11936.59,0.1,10742.93,2602.18,0.2422225593948764,Jan,1
ORD-000603,2025-07-27,CUST-0379,Budget,North,Website,Smartphone,Electronics,3,33258.91,0.1,89799.07,9778.12,0.10888887824784822,Jul,7
ORD-000604,2025-11-28,CUST-0018,Regular,West,Mobile App,Mouse,Accessories,2,1272.78,0.05,2418.28,1066.59,0.44105314521064554,Nov,11
ORD-000605,2025-10-01,CUST-0257,Budget,North,Website,Office Chair,Furniture,1,12082.86,0.1,10874.58,2634.06,0.24222176856485492,Oct,10
ORD-000606,2025-05-09,CUST-0338,Premium,South,Website,Office Chair,Furniture,1,12838.89,0.0,12838.89,4365.22,0.33999979749028153,May,5
ORD-000607,2025-06-17,CUST-0364,Regular,East,Website,Keyboard,Accessories,2,2514.78,0.0,5029.56,2263.3,0.4499996023509015,Jun,6
ORD-000608,2025-02-17,CUST-0314,Budget,South,Mobile App,Monitor,Electronics,3,18506.96,0.15,47192.75,7606.36,0.1611764518914452,Feb,2
ORD-000609,2025-12-01,CUST-0042,Premium,West,Mobile App,Monitor,Electronics,1,18854.78,0.2,15083.82,1432.96,0.09499980774100991,Dec,12
ORD-000610,2025-05-15,CUST-0310,Budget,North,Website,Smartphone,Electronics,1,33377.42,0.0,33377.42,7343.03,0.2199999280951014,May,5
ORD-000611,2025-07-11,CUST-0383,Budget,South,Mobile App,Desk,Furniture,1,16063.76,0.1,14457.38,3823.17,0.2644441800658211,Jul,7
ORD-000612,2025-07-16,CUST-0056,Regular,East,Website,Laptop,Electronics,1,65430.13,0.15,55615.61,5692.42,0.10235291854211434,Jul,7
ORD-000613,2025-12-29,CUST-0055,Regular,East,Website,Backpack,Lifestyle,1,2543.33,0.0,2543.33,1271.66,0.4999980340734392,Dec,12
ORD-000614,2025-01-25,CUST-0109,Premium,North,Website,Smartwatch,Lifestyle,1,8166.49,0.05,7758.16,3013.43,0.3884207080029285,Jan,1
ORD-000615,2025-09-14,CUST-0051,Regular,North,Mobile App,Mouse,Accessories,1,1195.88,0.1,1076.29,428.12,0.3977738341896701,Sep,9
ORD-000616,2025-07-04,CUST-0384,Regular,South,Mobile App,Laptop,Electronics,2,70510.57,0.1,126919.03,20871.13,0.16444444934695768,Jul,7
ORD-000617,2025-01-31,CUST-0011,Premium,North,Marketplace,Monitor,Electronics,1,17390.1,0.15,14781.59,2382.44,0.1611761657575403,Jan,1
ORD-000618,2025-09-06,CUST-0393,Regular,East,Marketplace,Keyboard,Accessories,1,2460.12,0.2,1968.1,506.79,0.2575021594431178,Sep,9
ORD-000619,2025-03-31,CUST-0079,Budget,West,Website,Smartphone,Electronics,1,32389.13,0.15,27530.76,1198.4,0.04352949210265173,Mar,3
ORD-000620,2025-05-19,CUST-0172,Regular,North,Mobile App,Backpack,Lifestyle,2,2928.5,0.0,5857.01,2928.5,0.49999914632209946,May,5
ORD-000621,2025-05-21,CUST-0048,Regular,North,Marketplace,Monitor,Electronics,1,17737.81,0.1,15964.03,3512.09,0.22000021297880298,May,5
ORD-000622,2025-06-21,CUST-0061,Regular,South,Mobile App,Smartwatch,Lifestyle,1,8974.26,0.1,8076.83,2764.07,0.3422221341788796,Jun,6
ORD-000623,2025-06-06,CUST-0358,Budget,South,Website,Smartphone,Electronics,1,34766.11,0.05,33027.81,5527.81,0.16736834806788584,Jun,6
ORD-000624,2025-01-29,CUST-0177,Budget,South,Website,Desk,Furniture,3,15232.7,0.05,43413.2,13663.73,0.31473676209079265,Jan,1
ORD-000625,2025-03-02,CUST-0143,Regular,West,Website,Desk,Furniture,2,15815.66,0.0,31631.32,11387.28,0.3600001517483305,Mar,3
ORD-000626,2025-11-03,CUST-0230,Regular,North,Marketplace,Office Chair,Furniture,2,11315.3,0.2,18104.48,2172.54,0.1200001325638737,Nov,11
ORD-000627,2025-08-17,CUST-0029,Regular,West,Mobile App,Laptop,Electronics,1,72241.03,0.1,65016.93,10691.67,0.16444439932799043,Aug,8
ORD-000628,2025-10-10,CUST-0098,Regular,South,Marketplace,Office Chair,Furniture,1,12148.09,0.1,10933.28,2648.28,0.24222191327762574,Oct,10
ORD-000629,2025-08-21,CUST-0316,Budget,West,Mobile App,Mouse,Accessories,1,1231.99,0.1,1108.79,441.05,0.3977759539678388,Aug,8
ORD-000630,2025-09-21,CUST-0239,Budget,North,Website,Desk,Furniture,1,14689.74,0.0,14689.74,5288.31,0.3600002450690074,Sep,9
ORD-000631,2025-01-01,CUST-0229,Regular,South,Website,Desk,Furniture,1,15751.81,0.05,14964.22,4709.79,0.31473675206592794,Jan,1
ORD-000632,2025-10-12,CUST-0372,Regular,East,Mobile App,Mouse,Accessories,1,1131.28,0.15,961.58,335.99,0.3494145052933713,Oct,10
ORD-000633,2025-02-03,CUST-0288,Regular,North,Website,Monitor,Electronics,3,18646.71,0.05,53143.14,14488.5,0.27263161341238024,Feb,2
ORD-000634,2025-01-28,CUST-0337,Budget,East,Marketplace,Desk,Furniture,2,14135.32,0.05,26857.11,8452.92,0.3147367680290247,Jan,1
ORD-000635,2025-12-08,CUST-0264,Regular,West,Website,Desk,Furniture,3,15422.65,0.0,46267.95,16656.46,0.3599999567735333,Dec,12
ORD-000636,2025-03-20,CUST-0059,Regular,East,Website,Backpack,Lifestyle,2,2761.28,0.1,4970.3,2087.52,0.41999879282940666,Mar,3
ORD-000637,2025-01-06,CUST-0157,Regular,East,Marketplace,Smartphone,Electronics,2,28478.79,0.1,51261.82,5581.84,0.10888883773537499,Jan,1
ORD-000638,2025-11-23,CUST-0163,Regular,South,Website,Backpack,Lifestyle,1,3063.15,0.2,2450.52,784.17,0.32000146907595123,Nov,11
ORD-000639,2025-10-11,CUST-0172,Regular,North,Marketplace,Headphones,Accessories,1,3373.47,0.05,3204.8,1143.61,0.35684286070893656,Oct,10
ORD-000640,2025-04-22,CUST-0371,Regular,West,Website,Desk,Furniture,1,14802.6,0.2,11842.08,1717.1,0.14499986488860064,Apr,4
ORD-000641,2025-06-04,CUST-0189,Regular,West,Website,Keyboard,Accessories,1,2682.32,0.05,2548.2,1043.42,0.4094733537398949,Jun,6
ORD-000642,2025-10-13,CUST-0081,Budget,West,Website,Smartphone,Electronics,2,33983.0,0.0,67966.0,14952.52,0.22,Oct,10
ORD-000643,2025-06-25,CUST-0233,Regular,West,Marketplace,Keyboard,Accessories,2,2479.34,0.1,4462.8,1626.44,0.3644438469122524,Jun,6
ORD-000644,2025-11-15,CUST-0126,Premium,East,Marketplace,Smartphone,Electronics,1,31882.91,0.1,28694.62,3124.53,0.10888905306987862,Nov,11
ORD-000645,2025-10-10,CUST-0048,Regular,North,Website,Smartwatch,Lifestyle,2,8328.0,0.1,14990.4,5130.05,0.34222235564094355,Oct,10
ORD-000646,2025-10-20,CUST-0105,Regular,East,Mobile App,Headphones,Accessories,2,3460.91,0.1,6229.64,1924.27,0.308889438233991,Oct,10
ORD-000647,2025-12-15,CUST-0147,Budget,North,Mobile App,Laptop,Electronics,1,62526.39,0.05,59400.07,13068.02,0.22000007744098618,Dec,12
ORD-000648,2025-02-01,CUST-0057,Regular,North,Marketplace,Keyboard,Accessories,2,2511.35,0.0,5022.7,2260.21,0.4499990045194816,Feb,2
ORD-000649,2025-07-08,CUST-0027,Budget,West,Marketplace,Mouse,Accessories,1,1211.72,0.1,1090.55,433.8,0.39778093622484073,Jul,7
ORD-000650,2025-09-12,CUST-0301,Budget,North,Website,Desk,Furniture,1,15767.41,0.0,15767.41,5676.27,0.360000152212697,Sep,9
ORD-000651,2025-02-25,CUST-0264,Regular,West,Website,Laptop,Electronics,3,68372.19,0.05,194860.73,42869.36,0.2199999969208778,Feb,2
ORD-000652,2025-10-02,CUST-0314,Budget,South,Mobile App,Mouse,Accessories,2,1284.4,0.0,2568.8,1233.02,0.47999844285269383,Oct,10
ORD-000653,2025-01-20,CUST-0320,Budget,North,Website,Headphones,Accessories,3,3590.93,0.05,10234.14,3651.97,0.3568419036675285,Jan,1
ORD-000654,2025-10-10,CUST-0047,Regular,West,Marketplace,Backpack,Lifestyle,2,2835.26,0.05,5387.0,2489.36,0.4621050677557082,Oct,10
ORD-000655,2025-03-05,CUST-0192,Budget,West,Mobile App,Smartphone,Electronics,1,32001.53,0.05,30401.45,5088.24,0.167368332760444,Mar,3
ORD-000656,2025-09-09,CUST-0241,Budget,East,Website,Headphones,Accessories,1,3550.36,0.15,3017.8,770.43,0.2552952481940486,Sep,9
ORD-000657,2025-07-20,CUST-0220,Regular,North,Website,Laptop,Electronics,2,64177.92,0.05,121938.05,26826.37,0.21999999179911436,Jul,7
ORD-000658,2025-04-23,CUST-0169,Regular,North,Website,Office Chair,Furniture,1,11605.44,0.1,10444.89,2529.99,0.24222275198685672,Apr,4
ORD-000659,2025-03-02,CUST-0164,Regular,North,Website,Keyboard,Accessories,1,2575.52,0.0,2575.52,1158.99,0.4500023296266385,Mar,3
ORD-000660,2025-08-21,CUST-0399,Budget,North,Mobile App,Laptop,Electronics,1,62532.91,0.0,62532.91,16883.89,0.27000006876379173,Aug,8
ORD-000661,2025-09-09,CUST-0109,Premium,North,Website,Monitor,Electronics,1,17519.64,0.1,15767.67,3468.89,0.2200001648943693,Sep,9
ORD-000662,2025-08-24,CUST-0144,Budget,East,Marketplace,Smartwatch,Lifestyle,1,7872.27,0.0,7872.27,3385.08,0.43000049540983726,Aug,8
ORD-000663,2025-07-07,CUST-0285,Budget,South,Mobile App,Monitor,Electronics,1,19039.76,0.15,16183.8,2608.45,0.1611766087074729,Jul,7
ORD-000664,2025-01-15,CUST-0198,Regular,South,Website,Backpack,Lifestyle,1,3106.05,0.0,3106.05,1553.03,0.5000016097615942,Jan,1
ORD-000665,2025-05-06,CUST-0164,Regular,North,Website,Monitor,Electronics,1,18005.94,0.0,18005.94,5761.9,0.3199999555702174,May,5
ORD-000666,2025-04-16,CUST-0024,Budget,North,Mobile App,Smartphone,Electronics,1,31233.23,0.1,28109.91,3060.86,0.10888900035610218,Apr,4
ORD-000667,2025-11-16,CUST-0340,Regular,East,Mobile App,Smartwatch,Lifestyle,2,7494.42,0.1,13489.96,4616.56,0.34222191911614275,Nov,11
ORD-000668,2025-07-18,CUST-0028,Regular,West,Mobile App,Mouse,Accessories,1,1190.36,0.05,1130.84,498.76,0.4410526688125641,Jul,7
ORD-000669,2025-05-09,CUST-0053,Budget,South,Mobile App,Mouse,Accessories,1,1340.94,0.1,1206.85,480.06,0.39777934291751255,May,5
ORD-000670,2025-12-17,CUST-0183,Premium,East,Marketplace,Office Chair,Furniture,2,11073.14,0.05,21038.96,6178.81,0.29368419351526887,Dec,12
ORD-000671,2025-05-18,CUST-0360,Regular,North,Website,Office Chair,Furniture,1,11461.64,0.0,11461.64,3896.96,0.3400002093941181,May,5
ORD-000672,2025-05-28,CUST-0081,Budget,West,Website,Smartwatch,Lifestyle,1,8164.99,0.05,7756.74,3012.88,0.3884209087838448,May,5
ORD-000673,2025-03-26,CUST-0254,Regular,East,Website,Monitor,Electronics,1,17490.36,0.15,14866.81,2396.18,0.16117647296225618,Mar,3
ORD-000674,2025-07-11,CUST-0060,Budget,South,Mobile App,Smartwatch,Lifestyle,2,8909.84,0.05,16928.7,6575.46,0.3884208474366017,Jul,7
ORD-000675,2025-09-17,CUST-0188,Regular,East,Website,Monitor,Electronics,1,16302.29,0.1,14672.06,3227.85,0.21999978189838373,Sep,9
ORD-000676,2025-09-05,CUST-0359,Regular,South,Marketplace,Laptop,Electronics,2,64674.58,0.05,122881.71,27033.98,0.22000003092404882,Sep,9
ORD-000677,2025-06-02,CUST-0269,Budget,North,Website,Smartphone,Electronics,2,32813.37,0.1,59064.06,6431.42,0.10888889114632486,Jun,6
ORD-000678,2025-05-09,CUST-0019,Regular,North,Website,Desk,Furniture,1,14689.1,0.05,13954.65,4392.04,0.3147366648393188,May,5
ORD-000679,2025-09-15,CUST-0277,Budget,East,Mobile App,Headphones,Accessories,2,3629.06,0.15,6169.4,1575.01,0.25529386974422147,Sep,9
ORD-000680,2025-04-18,CUST-0030,Premium,West,Mobile App,Smartphone,Electronics,1,32813.05,0.05,31172.39,5217.27,0.1673683025266911,Apr,4
ORD-000681,2025-06-22,CUST-0354,Regular,North,Marketplace,Monitor,Electronics,1,18551.99,0.0,18551.99,5936.64,0.3200001724882344,Jun,6
ORD-000682,2025-12-29,CUST-0296,Budget,South,Website,Mouse,Accessories,2,1196.4,0.0,2392.8,1148.54,0.47999832831828815,Dec,12
ORD-000683,2025-12-14,CUST-0224,Regular,East,Marketplace,Monitor,Electronics,1,16314.76,0.1,14683.28,3230.32,0.21999989103252135,Dec,12
ORD-000684,2025-02-01,CUST-0333,Regular,North,Website,Headphones,Accessories,1,3485.63,0.15,2962.79,756.38,0.2552931527377911,Feb,2
ORD-000685,2025-02-05,CUST-0114,Budget,South,Marketplace,Monitor,Electronics,4,18677.14,0.1,67237.69,14792.29,0.21999997322930043,Feb,2
ORD-000686,2025-02-13,CUST-0001,Budget,South,Website,Laptop,Electronics,2,71692.86,0.0,143385.72,38714.14,0.26999996931354114,Feb,2
ORD-000687,2025-09-02,CUST-0232,Regular,East,Marketplace,Smartwatch,Lifestyle,1,7530.51,0.05,7153.99,2778.76,0.38842100701846105,Sep,9
ORD-000688,2025-05-13,CUST-0207,Regular,South,Mobile App,Smartphone,Electronics,1,33113.17,0.0,33113.17,7284.9,0.22000007851860756,May,5
ORD-000689,2025-01-04,CUST-0047,Regular,West,Mobile App,Desk,Furniture,2,16081.02,0.1,28945.83,7654.56,0.2644443085584348,Jan,1
ORD-000690,2025-02-24,CUST-0298,Budget,West,Mobile App,Laptop,Electronics,1,71130.72,0.0,71130.72,19205.29,0.26999993814205736,Feb,2
ORD-000691,2025-05-23,CUST-0109,Premium,North,Mobile App,Smartwatch,Lifestyle,1,8180.68,0.1,7362.61,2519.65,0.3422223912444093,May,5
ORD-000692,2025-02-28,CUST-0360,Regular,North,Website,Monitor,Electronics,3,17667.92,0.1,47703.37,10494.74,0.2199999706519686,Feb,2
ORD-000693,2025-06-27,CUST-0198,Regular,South,Marketplace,Office Chair,Furniture,1,11939.86,0.1,10745.87,2602.89,0.2422223607767449,Jun,6
ORD-000694,2025-04-29,CUST-0304,Premium,East,Website,Office Chair,Furniture,1,11370.43,0.15,9664.86,1785.16,0.1847062450982218,Apr,4
ORD-000695,2025-03-19,CUST-0391,Regular,West,Website,Office Chair,Furniture,2,11800.58,0.05,22421.1,6584.72,0.29368407437636873,Mar,3
ORD-000696,2025-03-09,CUST-0326,Regular,West,Mobile App,Monitor,Electronics,1,18611.01,0.15,15819.36,2549.71,0.16117655834370037,Mar,3
ORD-000697,2025-12-15,CUST-0362,Regular,West,Website,Laptop,Electronics,1,64487.0,0.0,64487.0,17411.49,0.27,Dec,12
ORD-000698,2025-01-04,CUST-0015,Premium,North,Website,Laptop,Electronics,2,67389.4,0.0,134778.8,36390.28,0.27000002967825804,Jan,1
ORD-000699,2025-11-10,CUST-0274,Regular,West,Marketplace,Desk,Furniture,1,15593.51,0.1,14034.16,3711.26,0.26444475479829216,Nov,11
ORD-000700,2025-12-25,CUST-0020,Budget,North,Mobile App,Desk,Furniture,1,14464.7,0.0,14464.7,5207.29,0.3599998617323553,Dec,12
ORD-000701,2025-09-16,CUST-0096,Regular,East,Marketplace,Desk,Furniture,1,13663.0,0.0,13663.0,4918.68,0.36000000000000004,Sep,9
ORD-000702,2025-08-14,CUST-0372,Regular,East,Mobile App,Backpack,Lifestyle,4,2758.17,0.15,9377.77,3497.36,0.37294154153919323,Aug,8
ORD-000703,2025-03-02,CUST-0282,Regular,South,Website,Smartwatch,Lifestyle,1,7971.49,0.1,7174.34,2455.22,0.3422224204595823,Mar,3
ORD-000704,2025-08-28,CUST-0058,Budget,East,Mobile App,Office Chair,Furniture,1,11569.03,0.05,10990.58,3227.76,0.2936842277659596,Aug,8
ORD-000705,2025-08-17,CUST-0261,Regular,South,Marketplace,Laptop,Electronics,1,63584.74,0.15,54047.03,5531.87,0.10235289524697287,Aug,8
ORD-000706,2025-03-24,CUST-0110,Budget,West,Website,Laptop,Electronics,1,63948.91,0.0,63948.91,17266.2,0.2699999108663463,Mar,3
ORD-000707,2025-02-07,CUST-0083,Regular,East,Mobile App,Smartwatch,Lifestyle,1,8271.2,0.15,7030.52,2042.99,0.29058874734728013,Feb,2
ORD-000708,2025-02-06,CUST-0012,Budget,North,Marketplace,Headphones,Accessories,1,3623.15,0.1,3260.84,1007.24,0.30888973393358765,Feb,2
ORD-000709,2025-09-23,CUST-0350,Regular,West,Website,Monitor,Electronics,4,18582.55,0.1,66897.19,14717.38,0.2199999730930402,Sep,9
ORD-000710,2025-02-10,CUST-0362,Regular,West,Marketplace,Monitor,Electronics,2,18618.07,0.05,35374.33,9644.16,0.27263159471854304,Feb,2
ORD-000711,2025-03-13,CUST-0190,Regular,East,Website,Smartphone,Electronics,1,29198.01,0.05,27738.11,4642.48,0.16736828861086783,Mar,3
ORD-000712,2025-08-02,CUST-0019,Regular,North,Website,Desk,Furniture,2,15468.63,0.0,30937.25,11137.41,0.36,Aug,8
ORD-000713,2025-12-05,CUST-0021,Budget,South,Website,Headphones,Accessories,1,3595.52,0.05,3415.74,1218.88,0.35684214840708023,Dec,12
ORD-000714,2025-02-23,CUST-0267,Premium,North,Mobile App,Smartwatch,Lifestyle,2,8006.06,0.0,16012.11,6885.21,0.43000016862237395,Feb,2
ORD-000715,2025-09-13,CUST-0383,Budget,South,Website,Smartwatch,Lifestyle,4,8068.07,0.1,29045.04,9939.86,0.34222228649022346,Sep,9
ORD-000716,2025-07-17,CUST-0177,Budget,South,Mobile App,Monitor,Electronics,1,19838.27,0.1,17854.44,3927.98,0.22000017922712783,Jul,7
ORD-000717,2025-07-18,CUST-0363,Budget,West,Website,Headphones,Accessories,1,3458.06,0.0,3458.06,1383.22,0.39999884328207147,Jul,7
ORD-000718,2025-10-12,CUST-0335,Regular,South,Website,Laptop,Electronics,2,71499.74,0.1,128699.54,21163.92,0.16444441060162296,Oct,10
ORD-000719,2025-05-28,CUST-0329,Regular,South,Website,Backpack,Lifestyle,1,2940.95,0.1,2646.86,1111.68,0.41999954663261374,May,5
ORD-000720,2025-12-17,CUST-0360,Regular,North,Website,Smartphone,Electronics,2,33502.85,0.05,63655.42,10653.91,0.1673684660316435,Dec,12
ORD-000721,2025-12-12,CUST-0201,Premium,North,Website,Backpack,Lifestyle,1,2810.99,0.2,2248.79,719.61,0.3199987548859609,Dec,12
ORD-000722,2025-09-27,CUST-0208,Premium,East,Marketplace,Laptop,Electronics,2,60200.04,0.05,114380.08,25163.62,0.2200000209826746,Sep,9
ORD-000723,2025-10-10,CUST-0230,Regular,North,Marketplace,Smartphone,Electronics,1,30512.92,0.15,25935.98,1128.98,0.04352949069208104,Oct,10
ORD-000724,2025-08-20,CUST-0285,Budget,South,Marketplace,Keyboard,Accessories,2,2643.89,0.2,4230.23,1089.28,0.2574990012363394,Aug,8
ORD-000725,2025-01-18,CUST-0282,Regular,South,Website,Monitor,Electronics,2,17878.25,0.1,32180.85,7079.79,0.2200000932231436,Jan,1
ORD-000726,2025-06-02,CUST-0310,Budget,North,Website,Smartwatch,Lifestyle,1,7913.18,0.1,7121.87,2437.26,0.342221916434869,Jun,6
ORD-000727,2025-09-14,CUST-0290,Budget,North,Website,Keyboard,Accessories,1,2496.47,0.0,2496.47,1123.41,0.44999939915160214,Sep,9
ORD-000728,2025-05-26,CUST-0185,Budget,South,Website,Smartphone,Electronics,3,33255.37,0.0,99766.11,21948.54,0.2199999579015359,May,5
ORD-000729,2025-05-13,CUST-0067,Regular,South,Website,Backpack,Lifestyle,2,2887.21,0.0,5774.41,2887.21,0.500000865889329,May,5
ORD-000730,2025-02-19,CUST-0365,Premium,North,Mobile App,Smartwatch,Lifestyle,2,8032.27,0.15,13654.86,3967.94,0.29058811295026094,Feb,2
ORD-000731,2025-06-06,CUST-0208,Premium,East,Website,Smartphone,Electronics,1,31464.28,0.15,26744.64,1164.18,0.04352946983021645,Jun,6
ORD-000732,2025-04-21,CUST-0291,Premium,West,Website,Smartphone,Electronics,1,32617.55,0.15,27724.92,1206.85,0.04352943128420208,Apr,4
ORD-000733,2025-06-18,CUST-0192,Budget,West,Marketplace,Headphones,Accessories,1,3677.75,0.15,3126.08,798.07,0.25529417033473234,Jun,6
ORD-000734,2025-01-31,CUST-0268,Budget,North,Mobile App,Backpack,Lifestyle,2,2918.17,0.1,5252.7,2206.13,0.4199992384868734,Jan,1
ORD-000735,2025-12-30,CUST-0001,Budget,South,Mobile App,Keyboard,Accessories,1,2757.98,0.1,2482.18,904.62,0.36444576944460116,Dec,12
ORD-000736,2025-09-28,CUST-0133,Regular,South,Website,Monitor,Electronics,1,19705.36,0.0,19705.36,6305.72,0.32000024358854645,Sep,9
ORD-000737,2025-11-21,CUST-0384,Regular,South,Mobile App,Mouse,Accessories,1,1353.61,0.1,1218.25,484.59,0.39777549764005743,Nov,11
ORD-000738,2025-06-29,CUST-0020,Budget,North,Marketplace,Smartphone,Electronics,3,32116.6,0.1,86714.82,9442.28,0.10888888427606723,Jun,6
ORD-000739,2025-10-07,CUST-0121,Regular,West,Mobile App,Desk,Furniture,1,14831.94,0.1,13348.74,3530.0,0.2644444344559861,Oct,10
ORD-000740,2025-03-04,CUST-0042,Premium,West,Website,Laptop,Electronics,1,65487.38,0.0,65487.38,17681.59,0.269999960297694,Mar,3
ORD-000741,2025-07-12,CUST-0251,Budget,East,Mobile App,Headphones,Accessories,1,3537.28,0.0,3537.28,1414.91,0.3999994345938122,Jul,7
ORD-000742,2025-01-05,CUST-0194,Budget,North,Mobile App,Laptop,Electronics,3,64362.99,0.1,173780.08,28577.17,0.16444445186122597,Jan,1
ORD-000743,2025-06-28,CUST-0194,Budget,North,Website,Smartwatch,Lifestyle,1,7716.21,0.05,7330.4,2847.28,0.38842082287460444,Jun,6
ORD-000744,2025-11-10,CUST-0363,Budget,West,Mobile App,Desk,Furniture,1,14870.1,0.0,14870.1,5353.24,0.3600002689961735,Nov,11
ORD-000745,2025-12-13,CUST-0298,Budget,West,Mobile App,Office Chair,Furniture,1,12054.06,0.1,10848.66,2627.79,0.24222254177013566,Dec,12
ORD-000746,2025-06-28,CUST-0002,Budget,West,Marketplace,Monitor,Electronics,1,18904.74,0.1,17014.27,3743.14,0.2200000352645162,Jun,6
ORD-000747,2025-10-05,CUST-0125,Budget,East,Mobile App,Office Chair,Furniture,3,11681.93,0.0,35045.79,11915.57,0.3400000399477369,Oct,10
ORD-000748,2025-11-25,CUST-0318,Premium,West,Website,Monitor,Electronics,1,18056.88,0.05,17154.03,4676.73,0.2726315623792193,Nov,11
ORD-000749,2025-02-23,CUST-0054,Regular,South,Mobile App,Keyboard,Accessories,1,2838.02,0.05,2696.12,1103.99,0.4094736139340979,Feb,2
ORD-000750,2025-09-14,CUST-0270,Budget,North,Website,Office Chair,Furniture,2,11474.86,0.1,20654.75,5003.04,0.24222224911945195,Sep,9
ORD-000751,2025-06-29,CUST-0188,Regular,East,Mobile App,Backpack,Lifestyle,1,2757.09,0.1,2481.38,1042.18,0.4200001612006222,Jun,6
ORD-000752,2025-05-23,CUST-0051,Regular,North,Website,Office Chair,Furniture,2,11708.8,0.1,21075.84,5105.04,0.24222237405484193,May,5
ORD-000753,2025-01-20,CUST-0331,Premium,South,Marketplace,Smartphone,Electronics,1,31108.09,0.2,24886.48,-746.59,-0.029999823197173727,Jan,1
ORD-000754,2025-02-16,CUST-0198,Regular,South,Website,Office Chair,Furniture,2,13255.18,0.05,25184.84,7396.39,0.2936842163777892,Feb,2
ORD-000755,2025-08-12,CUST-0015,Premium,North,Mobile App,Smartwatch,Lifestyle,2,8158.87,0.1,14685.97,5025.86,0.34222186209014455,Aug,8
ORD-000756,2025-07-15,CUST-0298,Budget,West,Website,Desk,Furniture,1,14600.26,0.05,13870.25,4365.48,0.3147369369694129,Jul,7
ORD-000757,2025-02-18,CUST-0355,Budget,North,Website,Backpack,Lifestyle,1,2816.24,0.1,2534.61,1064.54,0.4200014992444597,Feb,2
ORD-000758,2025-12-17,CUST-0104,Budget,North,Website,Backpack,Lifestyle,2,2811.98,0.1,5061.56,2125.86,0.42000094832423207,Dec,12
ORD-000759,2025-02-18,CUST-0073,Budget,North,Mobile App,Laptop,Electronics,3,70225.41,0.15,179074.81,18328.83,0.10235292166441501,Feb,2
ORD-000760,2025-03-10,CUST-0097,Regular,East,Mobile App,Smartwatch,Lifestyle,2,7974.24,0.05,15151.06,5884.99,0.38842100816708536,Mar,3
ORD-000761,2025-09-07,CUST-0277,Budget,East,Website,Headphones,Accessories,1,3229.6,0.0,3229.6,1291.84,0.39999999999999997,Sep,9
ORD-000762,2025-06-03,CUST-0028,Regular,West,Website,Office Chair,Furniture,3,11914.66,0.1,32169.6,7792.19,0.24222216005172584,Jun,6
ORD-000763,2025-03-08,CUST-0150,Regular,South,Website,Headphones,Accessories,1,3456.61,0.0,3456.61,1382.64,0.39999884279684433,Mar,3
ORD-000764,2025-07-16,CUST-0264,Regular,West,Mobile App,Headphones,Accessories,1,3474.72,0.0,3474.72,1389.89,0.40000057558594654,Jul,7
ORD-000765,2025-11-24,CUST-0102,Budget,East,Marketplace,Mouse,Accessories,1,1132.63,0.05,1075.99,474.57,0.4410542848911235,Nov,11
ORD-000766,2025-03-08,CUST-0157,Regular,East,Website,Backpack,Lifestyle,1,2546.84,0.1,2292.15,962.7,0.4199986911851319,Mar,3
ORD-000767,2025-09-10,CUST-0287,Budget,West,Marketplace,Headphones,Accessories,1,3471.63,0.05,3298.05,1176.88,0.35684116371795455,Sep,9
ORD-000768,2025-01-30,CUST-0396,Budget,East,Website,Headphones,Accessories,1,3234.34,0.0,3234.34,1293.73,0.3999981449074618,Jan,1
ORD-000769,2025-02-16,CUST-0143,Regular,West,Website,Smartwatch,Lifestyle,1,8207.37,0.0,8207.37,3529.17,0.4300001096575395,Feb,2
ORD-000770,2025-10-09,CUST-0334,Premium,South,Website,Laptop,Electronics,1,72239.06,0.1,65015.15,10691.38,0.16444444102643765,Oct,10
ORD-000771,2025-12-13,CUST-0352,Regular,South,Website,Keyboard,Accessories,2,2604.29,0.0,5208.58,2343.86,0.4499998080090927,Dec,12
ORD-000772,2025-06-02,CUST-0027,Budget,West,Website,Smartphone,Electronics,1,32295.11,0.05,30680.35,5134.92,0.16736836444173553,Jun,6
ORD-000773,2025-10-27,CUST-0161,Regular,West,Website,Backpack,Lifestyle,2,2791.82,0.0,5583.64,2791.82,0.5,Oct,10
ORD-000774,2025-04-19,CUST-0201,Premium,North,Marketplace,Laptop,Electronics,1,65043.72,0.1,58539.35,9626.47,0.1644444292599764,Apr,4
ORD-000775,2025-03-09,CUST-0369,Budget,North,Marketplace,Smartphone,Electronics,2,33104.14,0.1,59587.45,6488.41,0.10888886837748553,Mar,3
ORD-000776,2025-02-01,CUST-0151,Regular,West,Website,Smartwatch,Lifestyle,2,8349.78,0.0,16699.56,7180.81,0.42999995209454617,Feb,2
ORD-000777,2025-05-07,CUST-0371,Regular,West,Mobile App,Mouse,Accessories,1,1280.9,0.1,1152.81,458.56,0.3977758693973855,May,5
ORD-000778,2025-02-10,CUST-0157,Regular,East,Marketplace,Smartwatch,Lifestyle,4,7429.17,0.1,26745.01,9152.74,0.3422223435324945,Feb,2
ORD-000779,2025-01-26,CUST-0214,Budget,North,Website,Monitor,Electronics,2,18830.03,0.05,35777.06,9753.96,0.2726316807473839,Jan,1
ORD-000780,2025-03-19,CUST-0210,Regular,West,Marketplace,Office Chair,Furniture,1,12306.45,0.0,12306.45,4184.19,0.33999975622539397,Mar,3
ORD-000781,2025-11-30,CUST-0382,Budget,West,Mobile App,Keyboard,Accessories,2,2768.09,0.0,5536.18,2491.28,0.44999981937003497,Nov,11
ORD-000782,2025-11-28,CUST-0385,Budget,North,Website,Smartwatch,Lifestyle,1,8289.4,0.15,7045.99,2047.48,0.290587979829662,Nov,11
ORD-000783,2025-07-09,CUST-0280,Budget,East,Website,Desk,Furniture,1,13984.2,0.1,12585.78,3328.24,0.2644444762263443,Jul,7
ORD-000784,2025-05-12,CUST-0060,Budget,South,Marketplace,Mouse,Accessories,1,1164.32,0.0,1164.32,558.87,0.47999690806651096,May,5
ORD-000785,2025-05-29,CUST-0038,Regular,West,Marketplace,Laptop,Electronics,4,69094.7,0.0,276378.81,74622.28,0.2700000047036891,May,5
ORD-000786,2025-03-24,CUST-0115,Budget,West,Marketplace,Mouse,Accessories,2,1244.09,0.05,2363.76,1042.54,0.4410515449961078,Mar,3
ORD-000787,2025-11-13,CUST-0219,Budget,East,Mobile App,Laptop,Electronics,1,66383.65,0.05,63064.47,13874.18,0.2199999460869171,Nov,11
ORD-000788,2025-08-11,CUST-0253,Budget,West,Website,Keyboard,Accessories,1,2466.54,0.0,2466.54,1109.94,0.44999878372132623,Aug,8
ORD-000789,2025-06-30,CUST-0254,Regular,East,Marketplace,Smartphone,Electronics,1,30038.17,0.1,27034.35,2943.74,0.10888887655889637,Jun,6
ORD-000790,2025-09-04,CUST-0078,Budget,South,Website,Monitor,Electronics,1,19435.1,0.1,17491.59,3848.15,0.2200000114340663,Sep,9
ORD-000791,2025-06-27,CUST-0197,Premium,North,Website,Smartphone,Electronics,1,31177.64,0.2,24942.12,-748.26,-0.029999855665837547,Jun,6
ORD-000792,2025-09-29,CUST-0262,Regular,South,Website,Desk,Furniture,1,16181.61,0.1,14563.45,3851.22,0.2644442079314997,Sep,9
ORD-000793,2025-10-25,CUST-0115,Budget,West,Website,Backpack,Lifestyle,3,3038.0,0.15,7746.91,2889.14,0.3729409532316756,Oct,10
ORD-000794,2025-02-08,CUST-0253,Budget,West,Mobile App,Headphones,Accessories,3,3494.07,0.1,9433.99,2914.06,0.30888945186501154,Feb,2
ORD-000795,2025-03-23,CUST-0056,Regular,East,Marketplace,Smartwatch,Lifestyle,2,7915.22,0.1,14247.39,4875.77,0.3422219789028026,Mar,3
ORD-000796,2025-10-27,CUST-0289,Regular,South,Website,Headphones,Accessories,1,3513.57,0.05,3337.9,1191.1,0.35684112765511244,Oct,10
ORD-000797,2025-02-11,CUST-0295,Regular,East,Marketplace,Laptop,Electronics,2,62217.47,0.0,124434.95,33597.44,0.27000002812714596,Feb,2
ORD-000798,2025-01-02,CUST-0213,Regular,East,Website,Monitor,Electronics,1,17864.44,0.2,14291.55,1357.7,0.09500019242139587,Jan,1
ORD-000799,2025-09-26,CUST-0068,Regular,North,Website,Office Chair,Furniture,2,11411.04,0.05,21680.98,6367.36,0.29368414158400585,Sep,9
ORD-000800,2025-11-23,CUST-0296,Budget,South,Website,Smartphone,Electronics,3,33402.5,0.05,95197.12,15932.99,0.16736840358195712,Nov,11
ORD-000801,2025-10-10,CUST-0083,Regular,East,Mobile App,Headphones,Accessories,1,3631.95,0.05,3450.35,1231.23,0.35684205950121006,Oct,10
ORD-000802,2025-03-26,CUST-0109,Premium,North,Website,Mouse,Accessories,1,1268.58,0.15,1078.29,376.77,0.34941435049940184,Mar,3
ORD-000803,2025-02-08,CUST-0357,Budget,West,Marketplace,Mouse,Accessories,1,1139.06,0.0,1139.06,546.75,0.4800010535002546,Feb,2
ORD-000804,2025-06-14,CUST-0335,Regular,South,Mobile App,Smartphone,Electronics,3,35052.21,0.0,105156.63,23134.46,0.2200000133134734,Jun,6
ORD-000805,2025-12-29,CUST-0313,Budget,South,Website,Monitor,Electronics,1,18646.98,0.05,17714.63,4829.57,0.272631717399686,Dec,12
ORD-000806,2025-06-26,CUST-0304,Premium,East,Marketplace,Smartwatch,Lifestyle,2,7676.46,0.05,14585.28,5665.23,0.38842106562232603,Jun,6
ORD-000807,2025-12-26,CUST-0283,Premium,South,Website,Monitor,Electronics,1,19338.62,0.05,18371.69,5008.7,0.2726314236741421,Dec,12
ORD-000808,2025-04-06,CUST-0002,Budget,West,Mobile App,Mouse,Accessories,1,1202.92,0.05,1142.78,504.02,0.4410472706907716,Apr,4
ORD-000809,2025-06-19,CUST-0138,Regular,East,Website,Office Chair,Furniture,1,12111.92,0.05,11506.33,3379.23,0.2936844328295816,Jun,6
ORD-000810,2025-10-22,CUST-0362,Regular,West,Website,Smartphone,Electronics,1,34591.57,0.0,34591.57,7610.14,0.21999984389260158,Oct,10
ORD-000811,2025-02-21,CUST-0035,Regular,South,Mobile App,Smartphone,Electronics,3,33150.93,0.05,94480.16,15812.99,0.16736836601462146,Feb,2
ORD-000812,2025-07-03,CUST-0121,Regular,West,Website,Monitor,Electronics,2,17855.92,0.0,35711.85,11427.79,0.3199999439961806,Jul,7
ORD-000813,2025-09-26,CUST-0195,Budget,South,Website,Mouse,Accessories,1,1329.95,0.1,1196.96,476.12,0.39777436171634806,Sep,9
ORD-000814,2025-09-02,CUST-0288,Regular,North,Website,Monitor,Electronics,3,17201.13,0.05,49023.23,13365.28,0.27263156670827277,Sep,9
ORD-000815,2025-03-28,CUST-0217,Budget,North,Website,Smartphone,Electronics,2,31223.03,0.1,56201.46,6119.71,0.1088888082266902,Mar,3
ORD-000816,2025-12-25,CUST-0389,Premium,East,Marketplace,Monitor,Electronics,2,17717.52,0.1,31891.53,7016.14,0.22000010661137928,Dec,12
ORD-000817,2025-01-10,CUST-0341,Budget,South,Website,Backpack,Lifestyle,1,3050.61,0.15,2593.02,967.04,0.3729396610901574,Jan,1
ORD-000818,2025-07-02,CUST-0160,Regular,West,Mobile App,Office Chair,Furniture,3,12210.6,0.05,34800.21,10220.27,0.2936841473083065,Jul,7
ORD-000819,2025-01-30,CUST-0069,Regular,South,Marketplace,Smartphone,Electronics,1,34796.65,0.05,33056.82,5532.67,0.16736848856000064,Jan,1
ORD-000820,2025-10-08,CUST-0058,Budget,East,Mobile App,Laptop,Electronics,2,66774.5,0.05,126871.55,27911.74,0.21999999211801227,Oct,10
ORD-000821,2025-11-06,CUST-0119,Regular,West,Marketplace,Office Chair,Furniture,1,12662.07,0.0,12662.07,4305.1,0.3399996998910921,Nov,11
ORD-000822,2025-10-22,CUST-0095,Budget,North,Website,Smartphone,Electronics,2,32317.79,0.0,64635.58,14219.83,0.22000003713125185,Oct,10
ORD-000823,2025-09-04,CUST-0246,Regular,East,Mobile App,Smartwatch,Lifestyle,1,8052.03,0.05,7649.43,2971.2,0.3884210980425992,Sep,9
ORD-000824,2025-09-02,CUST-0378,Budget,West,Website,Backpack,Lifestyle,1,2829.32,0.1,2546.39,1069.48,0.4199985076912806,Sep,9
ORD-000825,2025-06-23,CUST-0100,Regular,North,Mobile App,Keyboard,Accessories,1,2497.9,0.15,2123.22,666.94,0.3141172370267801,Jun,6
ORD-000826,2025-08-13,CUST-0028,Regular,West,Marketplace,Office Chair,Furniture,2,11403.89,0.0,22807.78,7754.64,0.339999772007622,Aug,8
ORD-000827,2025-09-22,CUST-0327,Regular,North,Website,Desk,Furniture,1,14678.55,0.2,11742.84,1702.71,0.14499984671510469,Sep,9
ORD-000828,2025-02-23,CUST-0066,Regular,North,Mobile App,Laptop,Electronics,3,68683.56,0.0,206050.67,55633.68,0.26999999563214233,Feb,2
ORD-000829,2025-04-25,CUST-0320,Budget,North,Website,Keyboard,Accessories,2,2369.78,0.0,4739.56,2132.8,0.4499995780199006,Apr,4
ORD-000830,2025-04-21,CUST-0094,Premium,North,Website,Smartwatch,Lifestyle,1,8083.58,0.0,8083.58,3475.94,0.4300000742245391,Apr,4
ORD-000831,2025-01-10,CUST-0147,Budget,North,Website,Backpack,Lifestyle,1,2923.81,0.05,2777.62,1283.55,0.4621042475212592,Jan,1
ORD-000832,2025-09-06,CUST-0115,Budget,West,Mobile App,Smartphone,Electronics,1,32991.17,0.0,32991.17,7258.06,0.2200000788089662,Sep,9
ORD-000833,2025-01-11,CUST-0292,Budget,North,Website,Backpack,Lifestyle,1,2916.53,0.1,2624.87,1102.45,0.4200017524677413,Jan,1
ORD-000834,2025-05-16,CUST-0215,Regular,South,Website,Smartwatch,Lifestyle,2,8783.89,0.1,15811.01,5410.88,0.342222286874779,May,5
ORD-000835,2025-09-27,CUST-0135,Budget,East,Website,Laptop,Electronics,2,63574.99,0.1,114434.98,18818.2,0.16444447318468533,Sep,9
ORD-000836,2025-05-16,CUST-0099,Budget,East,Marketplace,Desk,Furniture,2,14743.1,0.15,25063.26,5219.06,0.2082354809390319,May,5
ORD-000837,2025-10-19,CUST-0243,Regular,West,Mobile App,Mouse,Accessories,1,1200.25,0.15,1020.21,356.47,0.3494084551219847,Oct,10
ORD-000838,2025-09-28,CUST-0275,Regular,East,Website,Office Chair,Furniture,1,11372.13,0.0,11372.13,3866.52,0.3399996306760475,Sep,9
ORD-000839,2025-10-23,CUST-0118,Regular,East,Mobile App,Office Chair,Furniture,1,11092.82,0.05,10538.18,3094.9,0.29368448821333476,Oct,10
ORD-000840,2025-04-22,CUST-0321,Premium,North,Website,Desk,Furniture,1,15313.51,0.15,13016.49,2710.49,0.20823509256335615,Apr,4
ORD-000841,2025-04-01,CUST-0159,Regular,East,Marketplace,Smartphone,Electronics,1,29382.24,0.1,26444.01,2879.46,0.10888893174673585,Apr,4
ORD-000842,2025-05-20,CUST-0007,Regular,North,Website,Monitor,Electronics,1,18761.54,0.05,17823.46,4859.24,0.2726316887966758,May,5
ORD-000843,2025-08-07,CUST-0029,Regular,West,Marketplace,Desk,Furniture,1,15676.0,0.15,13324.6,2774.65,0.20823514401933266,Aug,8
ORD-000844,2025-12-01,CUST-0171,Regular,North,Mobile App,Smartphone,Electronics,1,31084.55,0.0,31084.55,6838.6,0.21999996782967746,Dec,12
ORD-000845,2025-04-20,CUST-0271,Budget,North,Mobile App,Smartphone,Electronics,3,30981.54,0.15,79002.92,3438.95,0.04352940372330542,Apr,4
ORD-000846,2025-08-03,CUST-0119,Regular,West,Website,Laptop,Electronics,2,66965.16,0.0,133930.31,36161.18,0.26999997237369194,Aug,8
ORD-000847,2025-11-21,CUST-0330,Regular,East,Website,Mouse,Accessories,1,1220.66,0.0,1220.66,585.92,0.4800026215326134,Nov,11
ORD-000848,2025-10-02,CUST-0324,Regular,North,Website,Laptop,Electronics,2,61355.59,0.1,110440.07,18161.26,0.1644444810656132,Oct,10
ORD-000849,2025-01-11,CUST-0237,Regular,South,Marketplace,Mouse,Accessories,1,1228.35,0.1,1105.52,439.75,0.39777661191113683,Jan,1
ORD-000850,2025-03-19,CUST-0145,Regular,East,Website,Smartphone,Electronics,1,31204.9,0.05,29644.65,4961.58,0.1673684796413518,Mar,3
ORD-000851,2025-05-20,CUST-0186,Budget,West,Mobile App,Monitor,Electronics,1,19787.15,0.0,19787.15,6331.89,0.3200001010756981,May,5
ORD-000852,2025-06-22,CUST-0246,Regular,East,Website,Desk,Furniture,1,13850.69,0.0,13850.69,4986.25,0.36000011551771066,Jun,6
ORD-000853,2025-09-03,CUST-0035,Regular,South,Mobile App,Office Chair,Furniture,1,13155.42,0.05,12497.65,3670.36,0.29368401259436777,Sep,9
ORD-000854,2025-10-06,CUST-0222,Budget,West,Mobile App,Mouse,Accessories,3,1217.99,0.05,3471.26,1531.01,0.4410531046363568,Oct,10
ORD-000855,2025-12-16,CUST-0352,Regular,South,Website,Backpack,Lifestyle,1,2984.15,0.05,2834.95,1310.04,0.46210338806680895,Dec,12
ORD-000856,2025-07-15,CUST-0063,Premium,South,Mobile App,Desk,Furniture,1,16270.7,0.05,15457.17,4864.94,0.3147367855823543,Jul,7
ORD-000857,2025-03-18,CUST-0088,Regular,North,Mobile App,Office Chair,Furniture,1,12492.2,0.15,10618.37,1961.28,0.18470631556444161,Mar,3
ORD-000858,2025-09-13,CUST-0259,Budget,East,Mobile App,Desk,Furniture,1,14713.29,0.05,13977.63,4399.27,0.31473647535383326,Sep,9
ORD-000859,2025-08-19,CUST-0183,Premium,East,Website,Smartphone,Electronics,2,31808.35,0.2,50893.36,-1526.8,-0.02999998428085707,Aug,8
ORD-000860,2025-04-18,CUST-0231,Regular,North,Marketplace,Desk,Furniture,2,15466.12,0.15,26292.4,5475.01,0.2082354596765605,Apr,4
ORD-000861,2025-06-16,CUST-0307,Regular,West,Website,Smartphone,Electronics,1,31374.85,0.15,26668.63,1160.87,0.04352942014644171,Jun,6
ORD-000862,2025-10-14,CUST-0179,Budget,North,Website,Mouse,Accessories,2,1161.25,0.05,2206.37,973.13,0.44105476416013634,Oct,10
ORD-000863,2025-12-12,CUST-0249,Budget,West,Website,Laptop,Electronics,1,67402.78,0.05,64032.64,14087.18,0.21999998750637176,Dec,12
ORD-000864,2025-04-27,CUST-0239,Budget,North,Mobile App,Headphones,Accessories,2,3406.7,0.1,6132.06,1894.12,0.30888804088674926,Apr,4
ORD-000865,2025-08-28,CUST-0050,Budget,South,Website,Monitor,Electronics,1,19253.76,0.1,17328.39,3812.24,0.21999966528915843,Aug,8
ORD-000866,2025-11-30,CUST-0367,Budget,East,Website,Laptop,Electronics,1,64743.64,0.05,61506.45,13531.42,0.22000001625845747,Nov,11
ORD-000867,2025-08-30,CUST-0001,Budget,South,Marketplace,Monitor,Electronics,2,19194.89,0.05,36470.28,9942.95,0.272631578370114,Aug,8
ORD-000868,2025-12-07,CUST-0044,Regular,East,Mobile App,Backpack,Lifestyle,2,2783.65,0.0,5567.31,2783.65,0.4999991019001995,Dec,12
ORD-000869,2025-06-02,CUST-0170,Regular,North,Website,Keyboard,Accessories,2,2565.14,0.05,4873.76,1995.68,0.4094744099011851,Jun,6
ORD-000870,2025-08-26,CUST-0331,Premium,South,Website,Monitor,Electronics,1,19932.87,0.05,18936.22,5162.61,0.272631496676739,Aug,8
ORD-000871,2025-04-17,CUST-0063,Premium,South,Marketplace,Monitor,Electronics,1,17887.33,0.05,16992.96,4632.82,0.2726317251379395,Apr,4
ORD-000872,2025-03-12,CUST-0091,Regular,North,Mobile App,Keyboard,Accessories,1,2565.21,0.1,2308.69,841.39,0.3644447717103639,Mar,3
ORD-000873,2025-07-24,CUST-0022,Regular,North,Marketplace,Smartphone,Electronics,3,31396.66,0.2,75352.0,-2260.56,-0.03,Jul,7
ORD-000874,2025-02-25,CUST-0377,Budget,North,Mobile App,Smartwatch,Lifestyle,1,8117.74,0.1,7305.96,2500.26,0.342221966723059,Feb,2
ORD-000875,2025-06-15,CUST-0352,Regular,South,Mobile App,Headphones,Accessories,1,3735.6,0.05,3548.82,1266.37,0.3568425561172446,Jun,6
ORD-000876,2025-08-27,CUST-0264,Regular,West,Website,Laptop,Electronics,4,67468.38,0.05,256379.85,56403.57,0.2200000117013876,Aug,8
ORD-000877,2025-07-17,CUST-0109,Premium,North,Mobile App,Smartwatch,Lifestyle,4,8487.85,0.2,27161.12,6314.96,0.2324999852730668,Jul,7
ORD-000878,2025-08-18,CUST-0035,Regular,South,Website,Backpack,Lifestyle,1,3103.57,0.0,3103.57,1551.78,0.4999983889520777,Aug,8
ORD-000879,2025-11-03,CUST-0042,Premium,West,Website,Smartwatch,Lifestyle,2,7912.27,0.05,15033.32,5839.26,0.388421187069789,Nov,11
ORD-000880,2025-07-27,CUST-0375,Regular,South,Website,Desk,Furniture,1,16467.38,0.0,16467.38,5928.26,0.3600001943235657,Jul,7
ORD-000881,2025-08-31,CUST-0363,Budget,West,Mobile App,Headphones,Accessories,3,3543.23,0.0,10629.7,4251.88,0.39999999999999997,Aug,8
ORD-000882,2025-03-26,CUST-0365,Premium,North,Marketplace,Headphones,Accessories,3,3282.13,0.15,8369.43,2136.67,0.2552945660576646,Mar,3
ORD-000883,2025-07-22,CUST-0313,Budget,South,Mobile App,Monitor,Electronics,1,19504.86,0.15,16579.13,2672.17,0.16117673243409034,Jul,7
ORD-000884,2025-02-07,CUST-0027,Budget,West,Mobile App,Monitor,Electronics,1,18829.86,0.15,16005.38,2579.69,0.16117642942560564,Feb,2
ORD-000885,2025-01-24,CUST-0098,Regular,South,Mobile App,Monitor,Electronics,1,18953.44,0.1,17058.09,3752.78,0.2200000117246421,Jan,1
ORD-000886,2025-02-06,CUST-0140,Budget,North,Website,Office Chair,Furniture,1,11337.84,0.0,11337.84,3854.86,0.3399995060787593,Feb,2
ORD-000887,2025-07-23,CUST-0226,Regular,North,Mobile App,Headphones,Accessories,1,3576.38,0.05,3397.56,1212.39,0.35684138028467494,Jul,7
ORD-000888,2025-10-31,CUST-0348,Budget,East,Website,Headphones,Accessories,2,3236.72,0.1,5826.09,1799.61,0.3088881222226227,Oct,10
ORD-000889,2025-04-03,CUST-0019,Regular,North,Website,Monitor,Electronics,1,17448.89,0.05,16576.45,4519.26,0.2726313535165853,Apr,4
ORD-000890,2025-04-28,CUST-0218,Regular,West,Mobile App,Laptop,Electronics,2,71279.68,0.0,142559.37,38491.03,0.27000000070146213,Apr,4
ORD-000891,2025-12-22,CUST-0361,Regular,East,Marketplace,Keyboard,Accessories,1,2293.03,0.0,2293.03,1031.86,0.44999847363532086,Dec,12
ORD-000892,2025-09-05,CUST-0388,Regular,South,Mobile App,Smartphone,Electronics,1,33391.99,0.0,33391.99,7346.24,0.22000006588406382,Sep,9
ORD-000893,2025-05-21,CUST-0015,Premium,North,Mobile App,Keyboard,Accessories,1,2593.02,0.05,2463.36,1008.68,0.4094732398025461,May,5
ORD-000894,2025-07-04,CUST-0106,Budget,North,Website,Monitor,Electronics,3,18750.8,0.0,56252.39,18000.76,0.3199999146702922,Jul,7
ORD-000895,2025-09-03,CUST-0134,Regular,West,Mobile App,Backpack,Lifestyle,1,2915.78,0.1,2624.2,1102.17,0.42000228641109677,Sep,9
ORD-000896,2025-10-01,CUST-0104,Budget,North,Marketplace,Smartwatch,Lifestyle,1,7541.38,0.15,6410.17,1862.72,0.2905882371294365,Oct,10
ORD-000897,2025-11-17,CUST-0041,Premium,South,Website,Monitor,Electronics,2,18942.85,0.05,35991.42,9812.4,0.27263164387512356,Nov,11
ORD-000898,2025-06-22,CUST-0109,Premium,North,Website,Monitor,Electronics,1,17781.73,0.0,17781.73,5690.15,0.31999979754500824,Jun,6
ORD-000899,2025-02-21,CUST-0029,Regular,West,Website,Laptop,Electronics,1,70537.01,0.2,56429.61,1833.96,0.032499958798226675,Feb,2
ORD-000900,2025-05-04,CUST-0235,Budget,North,Website,Smartwatch,Lifestyle,2,7955.87,0.05,15116.15,5871.43,0.3884209934407902,May,5
ORD-000901,2025-01-02,CUST-0011,Premium,North,Marketplace,Monitor,Electronics,2,17525.57,0.15,29793.47,4802.01,0.16117659339445858,Jan,1
ORD-000902,2025-11-15,CUST-0356,Budget,East,Website,Office Chair,Furniture,1,11849.11,0.1,10664.2,2583.11,0.24222257647080886,Nov,11
ORD-000903,2025-11-07,CUST-0373,Budget,East,Mobile App,Office Chair,Furniture,1,11819.53,0.1,10637.58,2576.66,0.24222238516655104,Nov,11
ORD-000904,2025-08-10,CUST-0389,Premium,East,Mobile App,Smartphone,Electronics,2,30414.79,0.05,57788.11,9671.9,0.16736833926563785,Aug,8
ORD-000905,2025-08-23,CUST-0178,Regular,South,Website,Desk,Furniture,1,15172.7,0.15,12896.79,2685.57,0.2082355376803065,Aug,8
ORD-000906,2025-04-21,CUST-0136,Budget,North,Website,Smartphone,Electronics,1,33057.11,0.1,29751.4,3239.6,0.10888899345913133,Apr,4
ORD-000907,2025-03-16,CUST-0200,Budget,East,Marketplace,Laptop,Electronics,1,58222.97,0.05,55311.82,12168.6,0.21999999276827267,Mar,3
ORD-000908,2025-10-01,CUST-0320,Budget,North,Marketplace,Smartwatch,Lifestyle,4,7862.37,0.05,29876.99,11604.85,0.3884209888613277,Oct,10
ORD-000909,2025-01-05,CUST-0245,Budget,South,Marketplace,Backpack,Lifestyle,1,2798.65,0.0,2798.65,1399.32,0.49999821342432954,Jan,1
ORD-000910,2025-01-25,CUST-0115,Budget,West,Marketplace,Keyboard,Accessories,2,2659.0,0.0,5318.0,2393.1,0.44999999999999996,Jan,1
ORD-000911,2025-08-22,CUST-0387,Premium,East,Website,Monitor,Electronics,1,17900.3,0.2,14320.24,1360.42,0.09499980447255074,Aug,8
ORD-000912,2025-02-22,CUST-0159,Regular,East,Website,Monitor,Electronics,1,18100.82,0.0,18100.82,5792.26,0.3199998674093218,Feb,2
ORD-000913,2025-09-30,CUST-0304,Premium,East,Website,Laptop,Electronics,2,60226.21,0.05,114429.81,25174.56,0.22000001573016684,Sep,9
ORD-000914,2025-01-04,CUST-0104,Budget,North,Website,Backpack,Lifestyle,2,2822.38,0.15,4798.05,1789.39,0.37294109065141046,Jan,1
ORD-000915,2025-11-12,CUST-0237,Regular,South,Website,Backpack,Lifestyle,1,2918.69,0.2,2334.95,747.18,0.31999828690121845,Nov,11
ORD-000916,2025-08-17,CUST-0182,Regular,South,Mobile App,Office Chair,Furniture,1,12092.42,0.2,9673.94,1160.87,0.11999971056260426,Aug,8
ORD-000917,2025-12-09,CUST-0083,Regular,East,Marketplace,Headphones,Accessories,2,3432.02,0.1,6177.64,1908.2,0.30888818383719346,Dec,12
ORD-000918,2025-10-13,CUST-0130,Budget,North,Website,Smartphone,Electronics,1,32248.73,0.1,29023.86,3160.38,0.10888903130045419,Oct,10
ORD-000919,2025-11-29,CUST-0079,Budget,West,Website,Laptop,Electronics,1,70738.67,0.0,70738.67,19099.44,0.2699999872771145,Nov,11
ORD-000920,2025-06-08,CUST-0062,Budget,South,Website,Laptop,Electronics,1,66821.64,0.1,60139.48,9889.6,0.16444438827871474,Jun,6
ORD-000921,2025-12-05,CUST-0315,Budget,West,Website,Smartwatch,Lifestyle,1,8471.09,0.05,8047.53,3125.83,0.3884210434754515,Dec,12
ORD-000922,2025-09-01,CUST-0054,Regular,South,Mobile App,Monitor,Electronics,1,18983.74,0.05,18034.55,4916.79,0.2726316986007414,Sep,9
ORD-000923,2025-07-30,CUST-0194,Budget,North,Mobile App,Office Chair,Furniture,3,12263.2,0.0,36789.61,12508.47,0.34000007067212723,Jul,7
ORD-000924,2025-02-27,CUST-0249,Budget,West,Website,Keyboard,Accessories,3,2633.74,0.05,7506.17,3073.58,0.4094738062154201,Feb,2
ORD-000925,2025-02-17,CUST-0219,Budget,East,Website,Backpack,Lifestyle,3,2591.28,0.0,7773.85,3886.92,0.49999935681805024,Feb,2
ORD-000926,2025-01-10,CUST-0356,Budget,East,Mobile App,Headphones,Accessories,1,3525.81,0.1,3173.23,980.17,0.30888715914068626,Jan,1
ORD-000927,2025-07-04,CUST-0398,Budget,South,Marketplace,Office Chair,Furniture,1,12112.64,0.15,10295.75,1901.69,0.18470631085642134,Jul,7
ORD-000928,2025-08-14,CUST-0298,Budget,West,Website,Monitor,Electronics,1,18701.13,0.0,18701.13,5984.36,0.3199999144436726,Aug,8
ORD-000929,2025-11-21,CUST-0150,Regular,South,Website,Backpack,Lifestyle,1,3085.16,0.05,2930.91,1354.39,0.4621056258977588,Nov,11
ORD-000930,2025-11-06,CUST-0099,Budget,East,Website,Backpack,Lifestyle,1,2847.68,0.1,2562.91,1076.42,0.4199991416007586,Nov,11
ORD-000931,2025-02-23,CUST-0282,Regular,South,Website,Laptop,Electronics,1,70983.54,0.05,67434.36,14835.56,0.22000001186338833,Feb,2
ORD-000932,2025-12-25,CUST-0167,Regular,North,Website,Mouse,Accessories,4,1216.12,0.2,3891.59,1148.02,0.29500024411615816,Dec,12
ORD-000933,2025-11-12,CUST-0384,Regular,South,Marketplace,Office Chair,Furniture,1,12912.67,0.05,12267.04,3602.64,0.293684540035738,Nov,11
ORD-000934,2025-11-02,CUST-0332,Budget,West,Marketplace,Monitor,Electronics,2,18366.27,0.1,33059.28,7273.04,0.21999995160209176,Nov,11
ORD-000935,2025-09-24,CUST-0100,Regular,North,Mobile App,Mouse,Accessories,1,1229.47,0.15,1045.05,365.15,0.34940911918090045,Sep,9
ORD-000936,2025-04-29,CUST-0073,Budget,North,Marketplace,Smartwatch,Lifestyle,1,7456.46,0.05,7083.64,2751.43,0.3884203601538192,Apr,4
ORD-000937,2025-12-07,CUST-0295,Regular,East,Marketplace,Smartphone,Electronics,2,29647.26,0.15,50400.35,2193.9,0.0435294596168479,Dec,12
ORD-000938,2025-08-14,CUST-0330,Regular,East,Marketplace,Smartwatch,Lifestyle,1,7256.5,0.0,7256.5,3120.3,0.43000068903741473,Aug,8
ORD-000939,2025-04-03,CUST-0034,Budget,West,Website,Desk,Furniture,1,16022.76,0.0,16022.76,5768.19,0.3599997753196078,Apr,4
ORD-000940,2025-05-20,CUST-0172,Regular,North,Website,Keyboard,Accessories,1,2516.32,0.05,2390.51,978.85,0.4094732923100091,May,5
ORD-000941,2025-12-10,CUST-0097,Regular,East,Marketplace,Backpack,Lifestyle,1,2678.37,0.0,2678.37,1339.19,0.5000018668070506,Dec,12
ORD-000942,2025-12-30,CUST-0339,Budget,East,Marketplace,Backpack,Lifestyle,1,2561.85,0.0,2561.85,1280.92,0.4999980482854188,Dec,12
ORD-000943,2025-05-15,CUST-0018,Regular,West,Mobile App,Desk,Furniture,2,15021.46,0.0,30042.91,10815.45,0.3600000798857368,May,5
ORD-000944,2025-12-05,CUST-0037,Regular,North,Website,Backpack,Lifestyle,1,2910.72,0.05,2765.19,1277.81,0.4621056780908364,Dec,12
ORD-000945,2025-08-20,CUST-0022,Regular,North,Website,Backpack,Lifestyle,1,2949.35,0.1,2654.41,1114.85,0.4199991711905847,Aug,8
ORD-000946,2025-01-04,CUST-0216,Budget,East,Marketplace,Headphones,Accessories,2,3267.76,0.15,5555.19,1418.21,0.25529459838457375,Jan,1
ORD-000947,2025-04-27,CUST-0096,Regular,East,Website,Office Chair,Furniture,1,11926.15,0.05,11329.84,3327.4,0.2936846416189461,Apr,4
ORD-000948,2025-05-28,CUST-0268,Budget,North,Mobile App,Keyboard,Accessories,1,2532.01,0.1,2278.81,830.5,0.3644446004712986,May,5
ORD-000949,2025-01-08,CUST-0211,Budget,North,Mobile App,Keyboard,Accessories,1,2472.7,0.05,2349.07,961.88,0.4094726849348891,Jan,1
ORD-000950,2025-03-03,CUST-0080,Regular,South,Marketplace,Mouse,Accessories,1,1181.47,0.0,1181.47,567.11,0.48000372417412207,Mar,3
ORD-000951,2025-07-14,CUST-0279,Regular,West,Marketplace,Monitor,Electronics,3,17667.9,0.15,45053.15,7261.51,0.16117652150848497,Jul,7
ORD-000952,2025-04-27,CUST-0169,Regular,North,Website,Smartwatch,Lifestyle,1,8395.51,0.0,8395.51,3610.07,0.4300000833779008,Apr,4
ORD-000953,2025-06-07,CUST-0272,Regular,West,Website,Laptop,Electronics,1,64205.05,0.05,60994.8,13418.86,0.22000006557936086,Jun,6
ORD-000954,2025-03-16,CUST-0254,Regular,East,Website,Office Chair,Furniture,1,11026.46,0.05,10475.13,3076.38,0.29368418339438274,Mar,3
ORD-000955,2025-03-15,CUST-0368,Regular,North,Website,Desk,Furniture,1,14280.42,0.2,11424.33,1656.53,0.1450001881948438,Mar,3
ORD-000956,2025-11-20,CUST-0400,Regular,East,Website,Smartwatch,Lifestyle,3,7227.52,0.1,19514.3,6678.23,0.342222370261808,Nov,11
ORD-000957,2025-08-11,CUST-0118,Regular,East,Mobile App,Monitor,Electronics,1,16787.06,0.1,15108.36,3323.84,0.22000005295081662,Aug,8
ORD-000958,2025-03-13,CUST-0124,Regular,South,Website,Office Chair,Furniture,1,12527.02,0.05,11900.67,3495.04,0.29368430516937283,Mar,3
ORD-000959,2025-05-30,CUST-0352,Regular,South,Mobile App,Smartphone,Electronics,2,35574.38,0.05,67591.33,11312.65,0.16736835922595397,May,5
ORD-000960,2025-08-03,CUST-0299,Budget,North,Mobile App,Mouse,Accessories,3,1204.13,0.1,3251.15,1293.24,0.39777924734324777,Aug,8
ORD-000961,2025-12-19,CUST-0055,Regular,East,Website,Smartwatch,Lifestyle,1,7529.77,0.1,6776.8,2319.17,0.34222199268091136,Dec,12
ORD-000962,2025-04-16,CUST-0063,Premium,South,Website,Smartwatch,Lifestyle,1,8856.34,0.1,7970.71,2727.75,0.34222170923292905,Apr,4
ORD-000963,2025-10-11,CUST-0215,Regular,South,Website,Backpack,Lifestyle,2,2987.73,0.1,5377.91,2258.72,0.41999959091914885,Oct,10
ORD-000964,2025-07-03,CUST-0342,Budget,North,Website,Mouse,Accessories,1,1172.16,0.05,1113.55,491.13,0.4410488976696152,Jul,7
ORD-000965,2025-08-15,CUST-0247,Budget,West,Website,Desk,Furniture,1,15014.78,0.05,14264.04,4489.42,0.3147369188532842,Aug,8
ORD-000966,2025-06-28,CUST-0263,Regular,East,Mobile App,Desk,Furniture,4,15488.74,0.05,58857.21,18524.53,0.31473680114976565,Jun,6
ORD-000967,2025-07-19,CUST-0312,Budget,South,Website,Keyboard,Accessories,2,2479.38,0.05,4710.82,1928.96,0.4094743590287891,Jul,7
ORD-000968,2025-04-02,CUST-0277,Budget,East,Website,Office Chair,Furniture,1,12137.78,0.1,10924.0,2646.04,0.2422226290735994,Apr,4
ORD-000969,2025-08-25,CUST-0225,Budget,South,Marketplace,Backpack,Lifestyle,1,2911.56,0.1,2620.4,1100.57,0.42000076324225305,Aug,8
ORD-000970,2025-06-12,CUST-0263,Regular,East,Website,Desk,Furniture,2,13784.16,0.1,24811.49,6561.26,0.26444441667953034,Jun,6
ORD-000971,2025-09-04,CUST-0253,Budget,West,Mobile App,Headphones,Accessories,2,3457.32,0.1,6223.17,1922.27,0.30888919955585337,Sep,9
ORD-000972,2025-07-10,CUST-0069,Regular,South,Mobile App,Laptop,Electronics,1,73139.61,0.15,62168.67,6363.15,0.10235300192202922,Jul,7
ORD-000973,2025-10-18,CUST-0182,Regular,South,Marketplace,Laptop,Electronics,1,70561.52,0.05,67033.45,14747.36,0.2200000149179253,Oct,10
ORD-000974,2025-01-31,CUST-0392,Budget,West,Website,Office Chair,Furniture,1,12951.6,0.0,12951.6,4403.54,0.3399996911578492,Jan,1
ORD-000975,2025-12-02,CUST-0020,Budget,North,Website,Monitor,Electronics,1,18528.15,0.0,18528.15,5929.01,0.32000010794385836,Dec,12
ORD-000976,2025-01-13,CUST-0184,Premium,West,Website,Desk,Furniture,1,15265.04,0.2,12212.03,1770.74,0.14499964379386554,Jan,1
ORD-000977,2025-09-18,CUST-0229,Regular,South,Mobile App,Monitor,Electronics,1,18400.49,0.05,17480.46,4765.73,0.272631841496162,Sep,9
ORD-000978,2025-12-17,CUST-0392,Budget,West,Mobile App,Headphones,Accessories,2,3685.3,0.1,6633.55,2049.03,0.3088889056387606,Dec,12
ORD-000979,2025-09-02,CUST-0088,Regular,North,Website,Laptop,Electronics,1,63834.9,0.1,57451.41,9447.56,0.16444435393317586,Sep,9
ORD-000980,2025-07-23,CUST-0158,Regular,North,Website,Smartphone,Electronics,4,31819.09,0.0,127276.34,28000.8,0.22000004085598313,Jul,7
ORD-000981,2025-07-14,CUST-0060,Budget,South,Marketplace,Headphones,Accessories,1,3456.27,0.0,3456.27,1382.51,0.40000057865849603,Jul,7
ORD-000982,2025-04-12,CUST-0196,Regular,North,Marketplace,Smartwatch,Lifestyle,1,7951.32,0.05,7553.75,2934.04,0.38842164487837166,Apr,4
ORD-000983,2025-04-05,CUST-0299,Budget,North,Website,Mouse,Accessories,1,1179.56,0.2,943.65,278.38,0.29500344407354423,Apr,4
ORD-000984,2025-11-15,CUST-0181,Budget,West,Mobile App,Smartwatch,Lifestyle,1,8376.45,0.15,7119.98,2068.98,0.2905878949098172,Nov,11
ORD-000985,2025-12-24,CUST-0345,Premium,North,Website,Laptop,Electronics,1,68684.09,0.05,65249.88,14354.97,0.21999994482748475,Dec,12
ORD-000986,2025-10-21,CUST-0278,Premium,East,Website,Smartphone,Electronics,1,31579.45,0.0,31579.45,6947.48,0.22000003166616264,Oct,10
ORD-000987,2025-11-02,CUST-0262,Regular,South,Website,Desk,Furniture,2,15008.52,0.0,30017.04,10806.14,0.36000018656070015,Nov,11
ORD-000988,2025-01-28,CUST-0172,Regular,North,Website,Monitor,Electronics,1,17475.4,0.2,13980.32,1328.13,0.09499997138835163,Jan,1
ORD-000989,2025-12-03,CUST-0388,Regular,South,Mobile App,Headphones,Accessories,1,3927.98,0.0,3927.98,1571.19,0.3999994908324381,Dec,12
ORD-000990,2025-04-11,CUST-0113,Budget,East,Website,Keyboard,Accessories,2,2418.62,0.15,4111.66,1291.54,0.31411643958887653,Apr,4
ORD-000991,2025-08-10,CUST-0239,Budget,North,Website,Monitor,Electronics,1,18240.07,0.0,18240.07,5836.82,0.3199998684215576,Aug,8
ORD-000992,2025-10-09,CUST-0320,Budget,North,Website,Monitor,Electronics,2,18303.2,0.05,34776.08,9481.06,0.27263164796032213,Oct,10
ORD-000993,2025-09-21,CUST-0141,Premium,South,Website,Laptop,Electronics,3,69508.75,0.05,198099.92,43581.98,0.21999998788490172,Sep,9
ORD-000994,2025-11-16,CUST-0091,Regular,North,Website,Office Chair,Furniture,1,12448.51,0.15,10581.23,1954.42,0.18470631486131575,Nov,11
ORD-000995,2025-05-06,CUST-0265,Regular,South,Website,Desk,Furniture,2,15020.38,0.0,30040.76,10814.68,0.36000021304387775,May,5
ORD-000996,2025-07-07,CUST-0124,Regular,South,Mobile App,Monitor,Electronics,1,19113.21,0.05,18157.55,4950.32,0.2726314948878015,Jul,7
ORD-000997,2025-01-11,CUST-0398,Budget,South,Website,Mouse,Accessories,1,1229.46,0.05,1167.99,515.14,0.4410482966463754,Jan,1
ORD-000998,2025-02-28,CUST-0163,Regular,South,Website,Mouse,Accessories,2,1259.37,0.1,2266.87,901.71,0.3977775523078077,Feb,2
ORD-000999,2025-12-10,CUST-0377,Budget,North,Website,Smartwatch,Lifestyle,1,8229.22,0.15,6994.84,2032.62,0.29058849094475353,Dec,12
ORD-001000,2025-08-17,CUST-0144,Budget,East,Website,Headphones,Accessories,1,3313.89,0.2,2651.11,516.97,0.1950013390617515,Aug,8
ORD-001001,2025-04-05,CUST-0321,Premium,North,Mobile App,Smartphone,Electronics,1,32659.49,0.1,29393.54,3200.63,0.10888889191298497,Apr,4
ORD-001002,2025-01-02,CUST-0372,Regular,East,Mobile App,Laptop,Electronics,1,63281.13,0.05,60117.07,13225.76,0.22000007651736853,Jan,1
ORD-001003,2025-10-12,CUST-0260,Premium,South,Mobile App,Laptop,Electronics,3,72115.34,0.05,205528.72,45216.32,0.22000000778480008,Oct,10
ORD-001004,2025-03-04,CUST-0316,Budget,West,Website,Office Chair,Furniture,2,12862.0,0.0,25724.0,8746.16,0.33999999999999997,Mar,3
ORD-001005,2025-11-16,CUST-0007,Regular,North,Website,Headphones,Accessories,1,3552.07,0.05,3374.47,1204.15,0.3568412224734551,Nov,11
ORD-001006,2025-02-28,CUST-0211,Budget,North,Mobile App,Keyboard,Accessories,2,2587.92,0.05,4917.04,2013.4,0.40947399248328264,Feb,2
ORD-001007,2025-06-16,CUST-0035,Regular,South,Mobile App,Office Chair,Furniture,1,13215.42,0.05,12554.65,3687.1,0.29368401349300854,Jun,6
ORD-001008,2025-03-18,CUST-0079,Budget,West,Website,Laptop,Electronics,1,66284.86,0.1,59656.37,9810.16,0.16444446753967765,Mar,3
ORD-001009,2025-08-10,CUST-0150,Regular,South,Marketplace,Backpack,Lifestyle,1,2736.64,0.05,2599.81,1201.38,0.46210299983460335,Aug,8
ORD-001010,2025-07-19,CUST-0394,Budget,East,Mobile App,Desk,Furniture,1,13819.16,0.1,12437.25,3288.96,0.2644443104384008,Jul,7
ORD-001011,2025-12-31,CUST-0125,Budget,East,Website,Mouse,Accessories,2,1138.8,0.0,2277.6,1093.25,0.4800008781173165,Dec,12
ORD-001012,2025-01-05,CUST-0397,Regular,East,Mobile App,Backpack,Lifestyle,1,2840.37,0.1,2556.33,1073.66,0.4200005476601222,Jan,1
ORD-001013,2025-10-22,CUST-0180,Regular,North,Website,Headphones,Accessories,1,3513.97,0.05,3338.27,1191.23,0.356840519191078,Oct,10
ORD-001014,2025-06-09,CUST-0260,Premium,South,Website,Smartwatch,Lifestyle,1,7998.77,0.15,6798.95,1975.7,0.29058898800550087,Jun,6
ORD-001015,2025-12-17,CUST-0267,Premium,North,Marketplace,Laptop,Electronics,1,63546.67,0.0,63546.67,17157.6,0.26999998583718077,Dec,12
ORD-001016,2025-06-04,CUST-0144,Budget,East,Website,Headphones,Accessories,1,3518.35,0.1,3166.51,978.1,0.30888896608569055,Jun,6
ORD-001017,2025-12-21,CUST-0344,Regular,North,Mobile App,Smartphone,Electronics,1,31498.09,0.05,29923.18,5008.2,0.16736857513138642,Dec,12
ORD-001018,2025-09-06,CUST-0094,Premium,North,Mobile App,Monitor,Electronics,2,17796.11,0.05,33812.62,9218.39,0.27263163871950763,Sep,9
ORD-001019,2025-07-14,CUST-0045,Premium,West,Marketplace,Monitor,Electronics,2,17837.32,0.0,35674.63,11415.88,0.3199999551502006,Jul,7
ORD-001020,2025-01-31,CUST-0247,Budget,West,Mobile App,Backpack,Lifestyle,1,2907.59,0.1,2616.83,1099.07,0.4200005349984523,Jan,1
ORD-001021,2025-07-29,CUST-0306,Premium,North,Website,Smartphone,Electronics,1,31565.17,0.0,31565.17,6944.34,0.22000008236926968,Jul,7
ORD-001022,2025-09-27,CUST-0024,Budget,North,Mobile App,Smartwatch,Lifestyle,1,8166.88,0.0,8166.88,3511.76,0.4300001959132496,Sep,9
ORD-001023,2025-02-09,CUST-0015,Premium,North,Website,Laptop,Electronics,1,61898.05,0.0,61898.05,16712.47,0.26999994345540773,Feb,2
ORD-001024,2025-04-23,CUST-0281,Regular,North,Mobile App,Monitor,Electronics,1,18098.75,0.0,18098.75,5791.6,0.32,Apr,4
ORD-001025,2025-08-29,CUST-0114,Budget,South,Website,Monitor,Electronics,2,19612.24,0.05,37263.26,10159.14,0.27263154109436477,Aug,8
ORD-001026,2025-09-09,CUST-0164,Regular,North,Marketplace,Backpack,Lifestyle,3,2825.79,0.05,8053.51,3721.57,0.4621053428877595,Sep,9
ORD-001027,2025-11-28,CUST-0061,Regular,South,Marketplace,Keyboard,Accessories,1,2490.75,0.1,2241.67,816.96,0.3644425807545268,Nov,11
ORD-001028,2025-02-28,CUST-0061,Regular,South,Website,Monitor,Electronics,1,18940.77,0.05,17993.73,4905.66,0.27263163335228435,Feb,2
ORD-001029,2025-04-12,CUST-0038,Regular,West,Marketplace,Backpack,Lifestyle,4,2670.44,0.1,9613.59,4037.71,0.4200002288427112,Apr,4
ORD-001030,2025-01-25,CUST-0365,Premium,North,Mobile App,Smartphone,Electronics,2,32482.61,0.05,61716.97,10329.47,0.16736839154611768,Jan,1
ORD-001031,2025-08-10,CUST-0318,Premium,West,Marketplace,Smartwatch,Lifestyle,2,8492.81,0.05,16136.34,6267.7,0.3884214140257332,Aug,8
ORD-001032,2025-08-20,CUST-0058,Budget,East,Marketplace,Smartwatch,Lifestyle,2,7183.14,0.1,12929.66,4424.82,0.3422224559655861,Aug,8
ORD-001033,2025-05-08,CUST-0309,Premium,South,Website,Monitor,Electronics,2,17806.63,0.0,35613.27,11396.25,0.3200001010859155,May,5
ORD-001034,2025-10-08,CUST-0050,Budget,South,Website,Headphones,Accessories,1,3865.01,0.0,3865.01,1546.0,0.39999896507382904,Oct,10
ORD-001035,2025-11-08,CUST-0289,Regular,South,Mobile App,Keyboard,Accessories,3,2633.36,0.05,7505.09,3073.14,0.4094741035750404,Nov,11
ORD-001036,2025-11-14,CUST-0129,Budget,West,Mobile App,Desk,Furniture,1,14998.58,0.15,12748.79,2654.75,0.2082354482268513,Nov,11
ORD-001037,2025-10-10,CUST-0117,Regular,West,Mobile App,Mouse,Accessories,1,1194.77,0.0,1194.77,573.49,0.4800003347924705,Oct,10
ORD-001038,2025-06-25,CUST-0356,Budget,East,Mobile App,Backpack,Lifestyle,1,2769.94,0.1,2492.95,1047.04,0.42000040113118997,Jun,6
ORD-001039,2025-04-24,CUST-0283,Premium,South,Marketplace,Headphones,Accessories,1,3414.26,0.05,3243.55,1157.44,0.35684358187788073,Apr,4
ORD-001040,2025-07-06,CUST-0235,Budget,North,Marketplace,Desk,Furniture,1,14752.34,0.1,13277.11,3511.06,0.26444459675335974,Jul,7
ORD-001041,2025-03-09,CUST-0296,Budget,South,Mobile App,Keyboard,Accessories,1,2695.16,0.05,2560.4,1048.42,0.40947508201843463,Mar,3
ORD-001042,2025-06-06,CUST-0295,Regular,East,Mobile App,Desk,Furniture,3,15164.15,0.0,45492.46,16377.28,0.359999876902678,Jun,6
ORD-001043,2025-06-19,CUST-0080,Regular,South,Mobile App,Smartphone,Electronics,1,32218.89,0.05,30607.94,5122.8,0.1673683364512607,Jun,6
ORD-001044,2025-11-30,CUST-0298,Budget,West,Marketplace,Desk,Furniture,2,15238.19,0.0,30476.38,10971.5,0.36000010499934704,Nov,11
ORD-001045,2025-12-22,CUST-0117,Regular,West,Marketplace,Mouse,Accessories,1,1280.83,0.2,1024.67,302.28,0.2950022934212966,Dec,12
ORD-001046,2025-02-23,CUST-0390,Regular,South,Marketplace,Monitor,Electronics,1,17612.17,0.0,17612.17,5635.89,0.3199997501727499,Feb,2
ORD-001047,2025-02-21,CUST-0067,Regular,South,Marketplace,Desk,Furniture,1,14724.44,0.15,12515.77,2606.23,0.2082356898536806,Feb,2
ORD-001048,2025-10-23,CUST-0195,Budget,South,Marketplace,Office Chair,Furniture,1,12776.28,0.05,12137.47,3564.58,0.2936839390746177,Oct,10
ORD-001049,2025-10-18,CUST-0319,Budget,West,Marketplace,Mouse,Accessories,1,1197.6,0.0,1197.6,574.85,0.4800016700066801,Oct,10
ORD-001050,2025-09-21,CUST-0061,Regular,South,Marketplace,Smartphone,Electronics,1,33507.29,0.05,31831.93,5327.66,0.16736842535152596,Sep,9
ORD-001051,2025-11-19,CUST-0226,Regular,North,Website,Monitor,Electronics,1,18785.35,0.1,16906.81,3719.5,0.22000010646597434,Nov,11
ORD-001052,2025-08-28,CUST-0386,Regular,South,Website,Desk,Furniture,1,15360.02,0.0,15360.02,5529.61,0.36000018229142927,Aug,8
ORD-001053,2025-01-15,CUST-0162,Regular,South,Marketplace,Monitor,Electronics,1,18900.81,0.05,17955.77,4895.31,0.27263158305101926,Jan,1
ORD-001054,2025-04-22,CUST-0019,Regular,North,Website,Smartphone,Electronics,1,31140.62,0.1,28026.56,3051.78,0.10888885400134729,Apr,4
ORD-001055,2025-07-19,CUST-0220,Regular,North,Mobile App,Monitor,Electronics,2,17419.61,0.05,33097.26,9023.36,0.2726316317423255,Jul,7
ORD-001056,2025-10-25,CUST-0311,Budget,West,Mobile App,Mouse,Accessories,1,1236.02,0.0,1236.02,593.29,0.4800003236193589,Oct,10
ORD-001057,2025-12-28,CUST-0070,Premium,North,Mobile App,Smartwatch,Lifestyle,1,8395.14,0.15,7135.87,2073.6,0.29058825342950473,Dec,12
ORD-001058,2025-11-08,CUST-0296,Budget,South,Mobile App,Smartwatch,Lifestyle,2,8370.34,0.1,15066.61,5156.13,0.34222230481840304,Nov,11
ORD-001059,2025-07-11,CUST-0262,Regular,South,Website,Office Chair,Furniture,1,12599.26,0.05,11969.3,3515.19,0.2936838411603018,Jul,7
ORD-001060,2025-07-13,CUST-0286,Budget,East,Website,Mouse,Accessories,1,1183.87,0.1,1065.48,423.82,0.3977737733228216,Jul,7
ORD-001061,2025-10-08,CUST-0279,Regular,West,Mobile App,Smartphone,Electronics,1,32467.0,0.1,29220.3,3181.77,0.1088890257800228,Oct,10
ORD-001062,2025-10-18,CUST-0180,Regular,North,Mobile App,Laptop,Electronics,2,68816.0,0.05,130750.4,28765.09,0.22000001529632032,Oct,10
ORD-001063,2025-12-24,CUST-0259,Budget,East,Website,Keyboard,Accessories,1,2494.1,0.1,2244.69,818.06,0.3644423060645345,Dec,12
ORD-001064,2025-09-11,CUST-0383,Budget,South,Mobile App,Smartphone,Electronics,1,35137.39,0.05,33380.52,5586.85,0.1673685730479933,Sep,9
ORD-001065,2025-02-09,CUST-0041,Premium,South,Marketplace,Monitor,Electronics,2,18166.12,0.1,32699.01,7193.78,0.2199999327196756,Feb,2
ORD-001066,2025-01-25,CUST-0087,Budget,West,Mobile App,Laptop,Electronics,3,68103.62,0.0,204310.86,55163.93,0.2699999892320947,Jan,1
ORD-001067,2025-11-22,CUST-0121,Regular,West,Website,Laptop,Electronics,1,68897.21,0.05,65452.35,14399.52,0.22000004583487073,Nov,11
ORD-001068,2025-04-27,CUST-0215,Regular,South,Mobile App,Headphones,Accessories,1,3639.29,0.0,3639.29,1455.72,0.4000010991154868,Apr,4
ORD-001069,2025-03-02,CUST-0243,Regular,West,Mobile App,Monitor,Electronics,1,19864.85,0.1,17878.37,3933.24,0.219999921693085,Mar,3
ORD-001070,2025-09-25,CUST-0379,Budget,North,Marketplace,Smartwatch,Lifestyle,3,7930.63,0.0,23791.89,10230.51,0.42999988651595145,Sep,9
ORD-001071,2025-08-25,CUST-0101,Budget,South,Marketplace,Smartwatch,Lifestyle,1,8627.74,0.1,7764.97,2657.34,0.34222154110060954,Aug,8
ORD-001072,2025-05-28,CUST-0377,Budget,North,Marketplace,Backpack,Lifestyle,2,2869.69,0.05,5452.41,2519.59,0.46210574773357105,May,5
ORD-001073,2025-04-01,CUST-0271,Budget,North,Mobile App,Headphones,Accessories,1,3572.73,0.1,3215.45,993.22,0.3088898909950396,Apr,4
ORD-001074,2025-02-16,CUST-0285,Budget,South,Website,Keyboard,Accessories,2,2487.87,0.0,4975.74,2239.08,0.449999397074606,Feb,2
ORD-001075,2025-01-29,CUST-0184,Premium,West,Mobile App,Backpack,Lifestyle,1,2943.92,0.15,2502.33,933.22,0.372940419528999,Jan,1
ORD-001076,2025-04-20,CUST-0189,Regular,West,Mobile App,Office Chair,Furniture,3,13096.54,0.1,35360.65,8565.14,0.24222235733788827,Apr,4
ORD-001077,2025-04-08,CUST-0233,Regular,West,Website,Mouse,Accessories,1,1240.06,0.05,1178.06,519.58,0.4410471453066907,Apr,4
ORD-001078,2025-06-11,CUST-0031,Regular,East,Mobile App,Smartphone,Electronics,2,31264.04,0.1,56275.27,6127.75,0.10888886006233289,Jun,6
ORD-001079,2025-08-28,CUST-0361,Regular,East,Marketplace,Mouse,Accessories,2,1156.05,0.15,1965.28,686.69,0.34941077098428724,Aug,8
ORD-001080,2025-01-28,CUST-0282,Regular,South,Website,Smartwatch,Lifestyle,2,8850.48,0.0,17700.96,7611.41,0.42999984181648904,Jan,1
ORD-001081,2025-04-14,CUST-0313,Budget,South,Website,Office Chair,Furniture,1,12966.3,0.1,11669.67,2826.65,0.24222193086865354,Apr,4
ORD-001082,2025-08-16,CUST-0150,Regular,South,Marketplace,Desk,Furniture,1,15959.04,0.0,15959.04,5745.25,0.35999972429419314,Aug,8
ORD-001083,2025-10-25,CUST-0185,Budget,South,Marketplace,Backpack,Lifestyle,1,2913.0,0.05,2767.35,1278.81,0.462106347227492,Oct,10
ORD-001084,2025-01-28,CUST-0168,Regular,West,Mobile App,Keyboard,Accessories,1,2563.17,0.1,2306.86,840.72,0.36444344260163164,Jan,1
ORD-001085,2025-11-03,CUST-0070,Premium,North,Mobile App,Monitor,Electronics,1,17685.93,0.15,15033.04,2422.97,0.161176315635427,Nov,11
ORD-001086,2025-08-31,CUST-0122,Regular,South,Marketplace,Smartphone,Electronics,1,32905.93,0.0,32905.93,7239.31,0.22000016410415996,Aug,8
ORD-001087,2025-06-29,CUST-0187,Regular,West,Website,Headphones,Accessories,1,3566.31,0.15,3031.37,773.89,0.2552938110491296,Jun,6
ORD-001088,2025-02-08,CUST-0187,Regular,West,Website,Office Chair,Furniture,1,12243.7,0.1,11019.33,2669.13,0.2422225307709271,Feb,2
ORD-001089,2025-04-24,CUST-0197,Premium,North,Website,Backpack,Lifestyle,4,2901.49,0.0,11605.94,5802.97,0.5,Apr,4
ORD-001090,2025-06-30,CUST-0171,Regular,North,Website,Headphones,Accessories,1,3331.84,0.2,2665.47,519.77,0.1950012568139953,Jun,6
ORD-001091,2025-01-09,CUST-0070,Premium,North,Website,Headphones,Accessories,1,3708.48,0.0,3708.48,1483.39,0.39999946069548714,Jan,1
ORD-001092,2025-12-14,CUST-0231,Regular,North,Website,Office Chair,Furniture,1,11542.39,0.1,10388.15,2516.24,0.24222214735058695,Dec,12
ORD-001093,2025-11-08,CUST-0327,Regular,North,Website,Laptop,Electronics,4,64785.72,0.05,246185.75,54160.86,0.21999997969013235,Nov,11
ORD-001094,2025-11-01,CUST-0392,Budget,West,Mobile App,Desk,Furniture,2,15044.5,0.1,27080.1,7161.18,0.26444437058947345,Nov,11
ORD-001095,2025-05-01,CUST-0250,Budget,South,Mobile App,Office Chair,Furniture,1,13108.69,0.05,12453.26,3657.33,0.2936845452516048,May,5
ORD-001096,2025-07-24,CUST-0065,Regular,South,Website,Keyboard,Accessories,1,2520.35,0.1,2268.32,826.68,0.36444593355434857,Jul,7
ORD-001097,2025-06-16,CUST-0063,Premium,South,Website,Smartwatch,Lifestyle,2,8458.92,0.05,16071.96,6242.69,0.3884212006500763,Jun,6
ORD-001098,2025-03-03,CUST-0227,Budget,East,Website,Smartwatch,Lifestyle,1,7879.43,0.15,6697.51,1946.22,0.29058859187966873,Mar,3
ORD-001099,2025-08-04,CUST-0286,Budget,East,Website,Smartwatch,Lifestyle,3,7679.28,0.05,21885.94,8500.96,0.38842105936505356,Aug,8
ORD-001100,2025-07-09,CUST-0354,Regular,North,Mobile App,Mouse,Accessories,1,1260.6,0.05,1197.57,528.19,0.441051462544987,Jul,7
ORD-001101,2025-02-16,CUST-0065,Regular,South,Website,Laptop,Electronics,1,71790.02,0.1,64611.02,10624.92,0.16444439354153517,Feb,2
ORD-001102,2025-12-02,CUST-0098,Regular,South,Website,Office Chair,Furniture,1,12069.81,0.05,11466.32,3367.48,0.29368446022786737,Dec,12
ORD-001103,2025-08-10,CUST-0376,Regular,North,Marketplace,Smartwatch,Lifestyle,2,7601.47,0.15,12922.49,3755.12,0.2905879594412532,Aug,8
ORD-001104,2025-04-22,CUST-0293,Budget,South,Website,Monitor,Electronics,1,18675.41,0.0,18675.41,5976.13,0.31999993574438257,Apr,4
ORD-001105,2025-12-13,CUST-0078,Budget,South,Marketplace,Mouse,Accessories,2,1226.05,0.1,2206.89,877.85,0.3977769621503564,Dec,12
ORD-001106,2025-10-11,CUST-0333,Regular,North,Website,Smartphone,Electronics,2,32028.45,0.0,64056.89,14092.52,0.22000006556671733,Oct,10
ORD-001107,2025-01-27,CUST-0005,Regular,East,Website,Monitor,Electronics,1,17613.09,0.05,16732.43,4561.79,0.2726316500352907,Jan,1
ORD-001108,2025-07-21,CUST-0390,Regular,South,Marketplace,Headphones,Accessories,1,3403.77,0.2,2723.02,530.99,0.1950004039632467,Jul,7
ORD-001109,2025-02-23,CUST-0149,Regular,North,Mobile App,Monitor,Electronics,1,17924.94,0.05,17028.69,4642.56,0.2726316586889538,Feb,2
ORD-001110,2025-08-01,CUST-0233,Regular,West,Mobile App,Office Chair,Furniture,1,11923.47,0.1,10731.13,2599.32,0.24222239410015536,Aug,8
ORD-001111,2025-04-12,CUST-0006,Regular,North,Mobile App,Smartphone,Electronics,2,31638.85,0.05,60113.82,10061.15,0.1673683356006988,Apr,4
ORD-001112,2025-01-04,CUST-0243,Regular,West,Mobile App,Smartwatch,Lifestyle,4,8514.15,0.0,34056.6,14644.34,0.4300000587257683,Jan,1
ORD-001113,2025-10-19,CUST-0046,Regular,South,Website,Backpack,Lifestyle,3,2814.29,0.05,8020.72,3706.42,0.46210564637588647,Oct,10
ORD-001114,2025-10-24,CUST-0264,Regular,West,Website,Headphones,Accessories,1,3479.34,0.1,3131.41,967.26,0.3088896056409094,Oct,10
ORD-001115,2025-11-10,CUST-0257,Budget,North,Website,Laptop,Electronics,1,62756.04,0.0,62756.04,16944.13,0.2699999872522231,Nov,11
ORD-001116,2025-11-27,CUST-0190,Regular,East,Marketplace,Office Chair,Furniture,1,11747.75,0.1,10572.97,2561.01,0.24222238406048635,Nov,11
ORD-001117,2025-03-16,CUST-0287,Budget,West,Marketplace,Backpack,Lifestyle,1,2760.34,0.0,2760.34,1380.17,0.5,Mar,3
ORD-001118,2025-09-12,CUST-0101,Budget,South,Mobile App,Headphones,Accessories,2,3802.15,0.1,6843.88,2114.0,0.3088891096863183,Sep,9
ORD-001119,2025-12-09,CUST-0105,Regular,East,Website,Backpack,Lifestyle,1,2826.12,0.05,2684.82,1240.67,0.4621054670331717,Dec,12
ORD-001120,2025-04-29,CUST-0054,Regular,South,Mobile App,Office Chair,Furniture,1,13431.01,0.0,13431.01,4566.54,0.33999974685448076,Apr,4
ORD-001121,2025-12-02,CUST-0218,Regular,West,Website,Smartphone,Electronics,1,32349.2,0.0,32349.2,7116.82,0.21999987634933785,Dec,12
ORD-001122,2025-01-28,CUST-0062,Budget,South,Website,Office Chair,Furniture,1,13158.87,0.0,13158.87,4474.02,0.34000031917634266,Jan,1
ORD-001123,2025-02-02,CUST-0097,Regular,East,Mobile App,Backpack,Lifestyle,2,2697.91,0.2,4316.66,1381.33,0.31999972200729265,Feb,2
ORD-001124,2025-06-26,CUST-0143,Regular,West,Website,Smartphone,Electronics,1,34143.49,0.1,30729.14,3346.06,0.10888882669674452,Jun,6
ORD-001125,2025-06-04,CUST-0077,Regular,North,Marketplace,Office Chair,Furniture,2,11131.59,0.1,20036.87,4853.37,0.2422219638097168,Jun,6
ORD-001126,2025-04-19,CUST-0267,Premium,North,Marketplace,Monitor,Electronics,1,18558.86,0.15,15775.03,2542.56,0.16117623865057626,Apr,4
ORD-001127,2025-01-26,CUST-0017,Premium,South,Website,Monitor,Electronics,1,17854.95,0.0,17854.95,5713.58,0.3199997759724894,Jan,1
ORD-001128,2025-12-29,CUST-0284,Budget,South,Marketplace,Backpack,Lifestyle,1,2800.33,0.0,2800.33,1400.17,0.5000017855038513,Dec,12
ORD-001129,2025-12-14,CUST-0292,Budget,North,Website,Office Chair,Furniture,3,12011.49,0.1,32431.03,7855.52,0.24222234076438523,Dec,12
ORD-001130,2025-04-15,CUST-0011,Premium,North,Website,Backpack,Lifestyle,1,2663.0,0.0,2663.0,1331.5,0.5,Apr,4
ORD-001131,2025-08-10,CUST-0214,Budget,North,Mobile App,Headphones,Accessories,1,3422.01,0.05,3250.91,1160.06,0.3568416228071525,Aug,8
ORD-001132,2025-12-27,CUST-0392,Budget,West,Marketplace,Backpack,Lifestyle,1,2677.51,0.1,2409.76,1012.1,0.420000331983268,Dec,12
ORD-001133,2025-11-29,CUST-0149,Regular,North,Website,Headphones,Accessories,1,3580.94,0.1,3222.85,995.5,0.30888809593992894,Nov,11
ORD-001134,2025-07-19,CUST-0252,Budget,South,Mobile App,Office Chair,Furniture,2,12641.2,0.2,20225.92,2427.11,0.11999998022339653,Jul,7
ORD-001135,2025-01-01,CUST-0199,Budget,South,Marketplace,Office Chair,Furniture,1,13072.73,0.1,11765.45,2849.85,0.24222192946296145,Jan,1
ORD-001136,2025-06-04,CUST-0190,Regular,East,Mobile App,Headphones,Accessories,2,3392.98,0.05,6446.67,2300.44,0.35684159418738665,Jun,6
ORD-001137,2025-04-18,CUST-0368,Regular,North,Website,Monitor,Electronics,1,17057.73,0.05,16204.84,4417.95,0.27263151009204656,Apr,4
ORD-001138,2025-12-14,CUST-0371,Regular,West,Mobile App,Monitor,Electronics,1,17950.67,0.15,15258.07,2459.24,0.1611763479915874,Dec,12
ORD-001139,2025-10-15,CUST-0233,Regular,West,Mobile App,Monitor,Electronics,2,19677.43,0.1,35419.37,7792.26,0.21999996047360526,Oct,10
ORD-001140,2025-12-15,CUST-0388,Regular,South,Website,Keyboard,Accessories,2,2583.32,0.15,4391.65,1379.5,0.31411883916067995,Dec,12
ORD-001141,2025-07-14,CUST-0129,Budget,West,Marketplace,Monitor,Electronics,1,18169.54,0.1,16352.59,3597.57,0.2200000122304785,Jul,7
ORD-001142,2025-07-20,CUST-0055,Regular,East,Mobile App,Smartphone,Electronics,1,30817.0,0.1,27735.3,3020.07,0.10888903310943095,Jul,7
ORD-001143,2025-08-29,CUST-0357,Budget,West,Website,Smartwatch,Lifestyle,1,7892.57,0.0,7892.57,3393.81,0.43000062083706575,Aug,8
ORD-001144,2025-11-24,CUST-0093,Regular,East,Mobile App,Office Chair,Furniture,1,11551.68,0.05,10974.1,3222.92,0.2936842201182785,Nov,11
ORD-001145,2025-04-18,CUST-0044,Regular,East,Mobile App,Office Chair,Furniture,1,12211.77,0.05,11601.19,3407.09,0.29368452719074506,Apr,4
ORD-001146,2025-07-03,CUST-0013,Premium,South,Website,Headphones,Accessories,2,3693.52,0.1,6648.34,2053.6,0.3088891362355114,Jul,7
ORD-001147,2025-10-23,CUST-0255,Budget,South,Website,Smartwatch,Lifestyle,1,8244.78,0.05,7832.54,3042.32,0.3884206145132997,Oct,10
ORD-001148,2025-03-25,CUST-0008,Premium,West,Mobile App,Laptop,Electronics,1,67977.95,0.1,61180.16,10060.74,0.16444448657865554,Mar,3
ORD-001149,2025-06-11,CUST-0205,Regular,East,Mobile App,Headphones,Accessories,1,3404.42,0.15,2893.76,738.76,0.2552941501714033,Jun,6
ORD-001150,2025-08-12,CUST-0305,Regular,South,Mobile App,Keyboard,Accessories,1,2681.28,0.0,2681.28,1206.58,0.45000149182480004,Aug,8
ORD-001151,2025-08-18,CUST-0153,Regular,South,Marketplace,Desk,Furniture,2,15225.94,0.05,28929.28,9105.11,0.3147368341002611,Aug,8
ORD-001152,2025-03-16,CUST-0167,Regular,North,Website,Keyboard,Accessories,2,2649.44,0.15,4504.05,1414.8,0.31411729443500847,Mar,3
ORD-001153,2025-07-05,CUST-0153,Regular,South,Website,Monitor,Electronics,3,18096.03,0.05,51573.69,14060.62,0.27263164609707,Jul,7
ORD-001154,2025-11-23,CUST-0185,Budget,South,Website,Smartwatch,Lifestyle,4,8272.12,0.15,28125.2,8172.85,0.29058815581755865,Nov,11
ORD-001155,2025-06-06,CUST-0358,Budget,South,Website,Backpack,Lifestyle,1,2935.33,0.15,2495.03,930.5,0.37294140751814603,Jun,6
ORD-001156,2025-05-28,CUST-0058,Budget,East,Mobile App,Desk,Furniture,3,14491.54,0.2,34779.71,5043.06,0.14500005894241214,May,5
ORD-001157,2025-11-28,CUST-0394,Budget,East,Mobile App,Keyboard,Accessories,1,2371.92,0.1,2134.73,777.99,0.36444421542771216,Nov,11
ORD-001158,2025-07-10,CUST-0101,Budget,South,Website,Laptop,Electronics,3,71353.39,0.05,203357.15,44738.57,0.2199999852476296,Jul,7
ORD-001159,2025-12-23,CUST-0051,Regular,North,Website,Headphones,Accessories,1,3529.81,0.1,3176.83,981.29,0.30888967933443084,Dec,12
ORD-001160,2025-07-23,CUST-0099,Budget,East,Website,Smartphone,Electronics,1,29632.64,0.05,28151.01,4711.59,0.16736841768732277,Jul,7
ORD-001161,2025-11-12,CUST-0331,Premium,South,Website,Desk,Furniture,1,15211.82,0.2,12169.46,1764.57,0.1449998603060448,Nov,11
ORD-001162,2025-03-09,CUST-0044,Regular,East,Marketplace,Keyboard,Accessories,1,2289.28,0.05,2174.81,890.53,0.4094748506766108,Mar,3
ORD-001163,2025-03-11,CUST-0347,Budget,North,Website,Keyboard,Accessories,1,2399.67,0.05,2279.68,933.47,0.40947413672094335,Mar,3
ORD-001164,2025-05-02,CUST-0374,Budget,West,Website,Laptop,Electronics,1,66601.47,0.15,56611.25,5794.33,0.10235297754421603,May,5
ORD-001165,2025-05-14,CUST-0365,Premium,North,Website,Office Chair,Furniture,2,12666.89,0.0,25333.78,8613.49,0.34000018947034355,May,5
ORD-001166,2025-04-23,CUST-0081,Budget,West,Marketplace,Desk,Furniture,1,15739.06,0.05,14952.11,4705.98,0.31473684984928546,Apr,4
ORD-001167,2025-08-11,CUST-0233,Regular,West,Marketplace,Smartphone,Electronics,1,33865.92,0.2,27092.73,-812.78,-0.02999992987048555,Aug,8
ORD-001168,2025-06-12,CUST-0231,Regular,North,Marketplace,Backpack,Lifestyle,2,2723.99,0.0,5447.99,2723.99,0.49999908223032713,Jun,6
ORD-001169,2025-04-29,CUST-0311,Budget,West,Mobile App,Office Chair,Furniture,1,12210.94,0.05,11600.39,3406.85,0.29368409165553916,Apr,4
ORD-001170,2025-03-09,CUST-0228,Regular,East,Website,Keyboard,Accessories,3,2349.26,0.0,7047.78,3171.5,0.44999985811134857,Mar,3
ORD-001171,2025-04-09,CUST-0371,Regular,West,Marketplace,Keyboard,Accessories,4,2444.63,0.15,8311.73,2610.86,0.31411751825432255,Apr,4
ORD-001172,2025-01-13,CUST-0381,Budget,North,Website,Backpack,Lifestyle,2,2698.11,0.15,4586.78,1710.6,0.37294136627437985,Jan,1
ORD-001173,2025-09-08,CUST-0033,Budget,West,Website,Smartphone,Electronics,1,32614.4,0.05,30983.68,5185.69,0.16736843396265388,Sep,9
ORD-001174,2025-06-07,CUST-0237,Regular,South,Website,Headphones,Accessories,1,3711.52,0.05,3525.95,1258.21,0.3568428366823126,Jun,6
ORD-001175,2025-08-22,CUST-0097,Regular,East,Mobile App,Backpack,Lifestyle,3,2881.05,0.2,6914.51,2212.64,0.3199995372050948,Aug,8
ORD-001176,2025-05-16,CUST-0185,Budget,South,Marketplace,Monitor,Electronics,1,19089.23,0.05,18134.77,4944.11,0.27263152496557713,May,5
ORD-001177,2025-12-17,CUST-0236,Budget,East,Website,Monitor,Electronics,2,17003.25,0.1,30605.85,6733.29,0.2200000980204765,Dec,12
ORD-001178,2025-09-23,CUST-0317,Regular,North,Website,Smartwatch,Lifestyle,1,7869.4,0.1,7082.46,2423.77,0.3422214880140516,Sep,9
ORD-001179,2025-11-14,CUST-0352,Regular,South,Website,Laptop,Electronics,1,67860.56,0.0,67860.56,18322.35,0.26999998231667993,Nov,11
ORD-001180,2025-09-07,CUST-0188,Regular,East,Marketplace,Keyboard,Accessories,3,2258.72,0.0,6776.15,3049.27,0.4500003689410654,Sep,9
ORD-001181,2025-12-05,CUST-0077,Regular,North,Mobile App,Backpack,Lifestyle,3,2858.3,0.05,8146.17,3764.39,0.4621055047955051,Dec,12
ORD-001182,2025-01-15,CUST-0061,Regular,South,Mobile App,Backpack,Lifestyle,1,2906.56,0.15,2470.58,921.38,0.3729407669454136,Jan,1
ORD-001183,2025-01-26,CUST-0142,Budget,South,Website,Monitor,Electronics,1,19005.81,0.05,18055.52,4922.51,0.27263185995197037,Jan,1
ORD-001184,2025-02-23,CUST-0152,Budget,North,Mobile App,Headphones,Accessories,1,3479.2,0.05,3305.24,1179.45,0.3568424683230265,Feb,2
ORD-001185,2025-05-08,CUST-0366,Budget,East,Marketplace,Laptop,Electronics,2,57519.42,0.2,92031.07,2991.01,0.032500002444826516,May,5
ORD-001186,2025-12-12,CUST-0145,Regular,East,Marketplace,Smartphone,Electronics,1,30249.32,0.05,28736.86,4809.64,0.1673683206863937,Dec,12
ORD-001187,2025-11-23,CUST-0338,Premium,South,Mobile App,Smartwatch,Lifestyle,1,8490.47,0.0,8490.47,3650.9,0.4299997526638691,Nov,11
ORD-001188,2025-03-23,CUST-0060,Budget,South,Website,Headphones,Accessories,2,3462.98,0.1,6233.36,1925.42,0.3088895876381278,Mar,3
ORD-001189,2025-06-06,CUST-0335,Regular,South,Website,Backpack,Lifestyle,1,2841.19,0.1,2557.07,1073.97,0.42000023464355685,Jun,6
ORD-001190,2025-10-30,CUST-0339,Budget,East,Website,Office Chair,Furniture,1,12089.08,0.2,9671.26,1160.55,0.11999987592102786,Oct,10
ORD-001191,2025-05-27,CUST-0074,Budget,East,Marketplace,Office Chair,Furniture,1,11346.17,0.1,10211.55,2473.47,0.24222277714940435,May,5
ORD-001192,2025-05-08,CUST-0205,Regular,East,Marketplace,Keyboard,Accessories,1,2306.89,0.05,2191.55,897.38,0.4094727475987315,May,5
ORD-001193,2025-10-12,CUST-0144,Budget,East,Marketplace,Laptop,Electronics,1,60111.88,0.05,57106.29,12563.38,0.21999993345741772,Oct,10
ORD-001194,2025-12-08,CUST-0085,Regular,South,Mobile App,Backpack,Lifestyle,1,3007.62,0.1,2706.86,1136.88,0.4199995566819119,Dec,12
ORD-001195,2025-12-31,CUST-0384,Regular,South,Marketplace,Monitor,Electronics,4,17712.51,0.05,67307.53,18350.16,0.2726316060030728,Dec,12
ORD-001196,2025-04-26,CUST-0010,Regular,East,Website,Office Chair,Furniture,1,11963.66,0.2,9570.93,1148.51,0.11999983282711293,Apr,4
ORD-001197,2025-04-06,CUST-0033,Budget,West,Mobile App,Backpack,Lifestyle,1,3085.0,0.2,2468.0,789.76,0.32,Apr,4
ORD-001198,2025-02-04,CUST-0289,Regular,South,Mobile App,Headphones,Accessories,1,3614.14,0.1,3252.73,1004.73,0.30888822619768624,Feb,2
ORD-001199,2025-04-20,CUST-0270,Budget,North,Mobile App,Laptop,Electronics,2,64715.5,0.05,122959.45,27051.08,0.2200000081327625,Apr,4
ORD-001200,2025-09-30,CUST-0275,Regular,East,Website,Mouse,Accessories,1,1136.08,0.0,1136.08,545.32,0.4800014083515246,Sep,9
ORD-001201,2025-10-14,CUST-0168,Regular,West,Mobile App,Office Chair,Furniture,3,12645.64,0.05,36040.06,10584.4,0.29368430574199933,Oct,10
ORD-001202,2025-08-18,CUST-0343,Premium,West,Website,Office Chair,Furniture,2,11980.55,0.0,23961.1,8146.77,0.33999983306275594,Aug,8
ORD-001203,2025-06-05,CUST-0046,Regular,South,Website,Keyboard,Accessories,3,2642.0,0.2,6340.79,1632.75,0.25749945984648603,Jun,6
ORD-001204,2025-10-16,CUST-0191,Budget,West,Website,Keyboard,Accessories,1,2499.9,0.05,2374.91,972.46,0.4094723589525498,Oct,10
ORD-001205,2025-12-13,CUST-0375,Regular,South,Website,Monitor,Electronics,1,19887.43,0.05,18893.05,5150.84,0.2726314703025716,Dec,12
ORD-001206,2025-08-25,CUST-0121,Regular,West,Marketplace,Desk,Furniture,2,15694.34,0.05,29819.24,9385.21,0.3147367270259067,Aug,8
ORD-001207,2025-05-26,CUST-0172,Regular,North,Mobile App,Smartphone,Electronics,1,34448.82,0.1,31003.94,3375.98,0.10888874123740402,May,5
ORD-001208,2025-05-21,CUST-0360,Regular,North,Website,Mouse,Accessories,1,1128.84,0.0,1128.84,541.84,0.4799971652315652,May,5
ORD-001209,2025-01-07,CUST-0399,Budget,North,Website,Laptop,Electronics,2,64881.43,0.05,123274.71,27120.44,0.22000003082546288,Jan,1
ORD-001210,2025-03-10,CUST-0096,Regular,East,Website,Smartwatch,Lifestyle,2,7518.8,0.1,13533.84,4631.58,0.34222216311113474,Mar,3
ORD-001211,2025-03-26,CUST-0232,Regular,East,Mobile App,Laptop,Electronics,4,63037.18,0.0,252148.71,68080.15,0.2699999932579469,Mar,3
ORD-001212,2025-09-01,CUST-0191,Budget,West,Mobile App,Smartphone,Electronics,1,32457.66,0.1,29211.9,3180.85,0.10888884324538971,Sep,9
ORD-001213,2025-07-01,CUST-0345,Premium,North,Mobile App,Laptop,Electronics,1,66990.44,0.05,63640.92,14001.0,0.21999996228841445,Jul,7
ORD-001214,2025-07-20,CUST-0183,Premium,East,Website,Laptop,Electronics,3,63374.71,0.1,171111.73,28138.37,0.16444442470425608,Jul,7
ORD-001215,2025-02-17,CUST-0030,Premium,West,Mobile App,Smartwatch,Lifestyle,1,8604.61,0.05,8174.38,3175.1,0.38842089552969156,Feb,2
ORD-001216,2025-02-15,CUST-0308,Budget,South,Website,Desk,Furniture,2,16359.32,0.1,29446.77,7787.03,0.264444283702423,Feb,2
ORD-001217,2025-04-14,CUST-0002,Budget,West,Website,Smartphone,Electronics,1,33254.44,0.15,28266.27,1230.41,0.04352926650739557,Apr,4
ORD-001218,2025-09-22,CUST-0114,Budget,South,Website,Mouse,Accessories,1,1311.88,0.1,1180.69,469.65,0.397775876817793,Sep,9
ORD-001219,2025-09-16,CUST-0354,Regular,North,Website,Office Chair,Furniture,3,12361.58,0.0,37084.73,12608.81,0.3400000485374977,Sep,9
ORD-001220,2025-12-14,CUST-0178,Regular,South,Mobile App,Monitor,Electronics,3,20173.59,0.05,57494.73,15674.88,0.2726315959741005,Dec,12
ORD-001221,2025-05-16,CUST-0110,Budget,West,Website,Keyboard,Accessories,1,2520.72,0.05,2394.68,980.56,0.40947433477541884,May,5
ORD-001222,2025-06-10,CUST-0301,Budget,North,Marketplace,Backpack,Lifestyle,1,2842.55,0.1,2558.3,1074.48,0.4199976546925693,Jun,6
ORD-001223,2025-09-30,CUST-0318,Premium,West,Website,Laptop,Electronics,1,63116.56,0.15,53649.08,5491.14,0.10235292012463215,Sep,9
ORD-001224,2025-12-20,CUST-0048,Regular,North,Website,Smartwatch,Lifestyle,2,7593.08,0.1,13667.55,4677.34,0.3422222709995574,Dec,12
ORD-001225,2025-01-24,CUST-0237,Regular,South,Marketplace,Smartphone,Electronics,3,33615.61,0.1,90762.14,9882.99,0.10888890455866289,Jan,1
ORD-001226,2025-05-16,CUST-0375,Regular,South,Website,Keyboard,Accessories,1,2749.07,0.05,2611.62,1069.39,0.4094738131887488,May,5
ORD-001227,2025-05-14,CUST-0057,Regular,North,Website,Smartwatch,Lifestyle,2,8056.29,0.0,16112.58,6928.41,0.43000003723798425,May,5
ORD-001228,2025-03-02,CUST-0250,Budget,South,Mobile App,Keyboard,Accessories,1,2647.37,0.0,2647.37,1191.31,0.4499975447330747,Mar,3
ORD-001229,2025-11-05,CUST-0273,Budget,West,Marketplace,Backpack,Lifestyle,1,2969.64,0.0,2969.64,1484.82,0.5,Nov,11
ORD-001230,2025-11-10,CUST-0313,Budget,South,Website,Desk,Furniture,1,16554.55,0.0,16554.55,5959.64,0.3600001208127071,Nov,11
ORD-001231,2025-01-13,CUST-0065,Regular,South,Mobile App,Laptop,Electronics,1,67246.12,0.1,60521.5,9952.43,0.16444453623918773,Jan,1
ORD-001232,2025-05-31,CUST-0087,Budget,West,Mobile App,Office Chair,Furniture,1,13330.17,0.05,12663.66,3719.12,0.2936844482558755,May,5
ORD-001233,2025-12-11,CUST-0320,Budget,North,Mobile App,Monitor,Electronics,1,18790.0,0.05,17850.5,4866.61,0.2726315789473684,Dec,12
ORD-001234,2025-03-21,CUST-0102,Budget,East,Website,Desk,Furniture,2,14358.16,0.0,28716.32,10337.88,0.36000016715233707,Mar,3
ORD-001235,2025-02-01,CUST-0378,Budget,West,Mobile App,Monitor,Electronics,2,18725.99,0.1,33706.79,7415.49,0.2199998872630707,Feb,2
ORD-001236,2025-10-02,CUST-0319,Budget,West,Mobile App,Office Chair,Furniture,1,12854.79,0.05,12212.05,3586.49,0.29368451652261496,Oct,10
ORD-001237,2025-05-21,CUST-0097,Regular,East,Mobile App,Backpack,Lifestyle,1,2891.4,0.1,2602.26,1092.95,0.4200003074250843,May,5
ORD-001238,2025-05-04,CUST-0028,Regular,West,Marketplace,Keyboard,Accessories,1,2572.84,0.05,2444.2,1000.83,0.4094714016856232,May,5
ORD-001239,2025-09-11,CUST-0266,Budget,East,Website,Headphones,Accessories,1,3436.17,0.1,3092.56,955.26,0.30888972243060764,Sep,9
ORD-001240,2025-06-16,CUST-0088,Regular,North,Website,Smartwatch,Lifestyle,3,7955.98,0.0,23867.95,10263.22,0.4300000628457827,Jun,6
ORD-001241,2025-07-17,CUST-0050,Budget,South,Website,Monitor,Electronics,3,18474.49,0.05,52652.31,14354.68,0.2726315331654015,Jul,7
ORD-001242,2025-03-13,CUST-0131,Regular,South,Website,Monitor,Electronics,2,19416.12,0.1,34949.01,7688.78,0.21999993705114965,Mar,3
ORD-001243,2025-10-07,CUST-0365,Premium,North,Marketplace,Mouse,Accessories,3,1133.02,0.1,3059.15,1216.86,0.3977771603223117,Oct,10
ORD-001244,2025-02-21,CUST-0066,Regular,North,Marketplace,Headphones,Accessories,2,3258.46,0.0,6516.93,2606.77,0.39999969310703043,Feb,2
ORD-001245,2025-12-04,CUST-0223,Regular,North,Website,Headphones,Accessories,2,3390.14,0.15,5763.24,1471.32,0.25529389718283463,Dec,12
ORD-001246,2025-07-16,CUST-0378,Budget,West,Website,Mouse,Accessories,3,1262.98,0.0,3788.94,1818.69,0.47999968328872983,Jul,7
ORD-001247,2025-08-30,CUST-0098,Regular,South,Marketplace,Desk,Furniture,1,15015.32,0.0,15015.32,5405.52,0.3600003196735068,Aug,8
ORD-001248,2025-08-21,CUST-0128,Regular,North,Mobile App,Backpack,Lifestyle,1,2863.26,0.05,2720.09,1256.97,0.46210603325625255,Aug,8
ORD-001249,2025-09-17,CUST-0131,Regular,South,Website,Office Chair,Furniture,1,12011.75,0.15,10209.99,1885.84,0.18470537189556502,Sep,9
ORD-001250,2025-07-15,CUST-0196,Regular,North,Website,Monitor,Electronics,2,17022.58,0.15,28938.39,4664.19,0.16117655474267917,Jul,7
ORD-001251,2025-05-09,CUST-0184,Premium,West,Website,Mouse,Accessories,3,1304.09,0.0,3912.28,1877.89,0.4799988753361211,May,5
ORD-001252,2025-06-12,CUST-0127,Regular,East,Website,Mouse,Accessories,2,1101.01,0.0,2202.02,1056.97,0.48000018165139285,Jun,6
ORD-001253,2025-12-19,CUST-0377,Budget,North,Website,Headphones,Accessories,1,3616.99,0.1,3255.29,1005.52,0.30888799461799105,Dec,12
ORD-001254,2025-03-18,CUST-0116,Regular,East,Mobile App,Smartphone,Electronics,1,32424.65,0.0,32424.65,7133.42,0.21999990747779852,Mar,3
ORD-001255,2025-03-13,CUST-0281,Regular,North,Website,Smartphone,Electronics,1,32467.76,0.1,29220.98,3181.84,0.10888888736791169,Mar,3
ORD-001256,2025-06-18,CUST-0073,Budget,North,Website,Smartwatch,Lifestyle,1,8326.43,0.0,8326.43,3580.37,0.4300006125074011,Jun,6
ORD-001257,2025-09-25,CUST-0138,Regular,East,Mobile App,Backpack,Lifestyle,1,2661.62,0.0,2661.62,1330.81,0.5,Sep,9
ORD-001258,2025-03-03,CUST-0026,Budget,North,Marketplace,Office Chair,Furniture,3,12160.34,0.05,34656.95,10178.2,0.2936842393805572,Mar,3
ORD-001259,2025-11-25,CUST-0099,Budget,East,Website,Desk,Furniture,1,15225.15,0.15,12941.38,2694.85,0.2082351341201634,Nov,11
ORD-001260,2025-02-01,CUST-0349,Budget,North,Marketplace,Laptop,Electronics,2,65342.92,0.15,111082.97,11369.67,0.10235295293238919,Feb,2
ORD-001261,2025-10-09,CUST-0361,Regular,East,Website,Backpack,Lifestyle,2,2531.24,0.05,4809.35,2222.42,0.4621040265316519,Oct,10
ORD-001262,2025-01-10,CUST-0021,Budget,South,Website,Smartphone,Electronics,3,34124.91,0.1,92137.26,10032.72,0.10888884692251538,Jan,1
ORD-001263,2025-02-24,CUST-0314,Budget,South,Marketplace,Laptop,Electronics,1,70231.3,0.15,59696.6,6110.12,0.10235289781997635,Feb,2
ORD-001264,2025-01-17,CUST-0067,Regular,South,Website,Keyboard,Accessories,1,2690.57,0.0,2690.57,1210.76,0.450001300839599,Jan,1
ORD-001265,2025-01-13,CUST-0375,Regular,South,Marketplace,Desk,Furniture,2,16192.31,0.1,29146.15,7707.54,0.26444453212516916,Jan,1
ORD-001266,2025-11-06,CUST-0020,Budget,North,Website,Office Chair,Furniture,1,12531.8,0.1,11278.62,2731.93,0.24222200943023167,Nov,11
ORD-001267,2025-11-13,CUST-0021,Budget,South,Website,Smartphone,Electronics,1,33177.11,0.15,28200.54,1227.55,0.043529308304025384,Nov,11
ORD-001268,2025-03-13,CUST-0322,Regular,South,Website,Laptop,Electronics,1,70660.85,0.05,67127.81,14768.12,0.22000002681451997,Mar,3
ORD-001269,2025-06-02,CUST-0021,Budget,South,Mobile App,Desk,Furniture,2,16053.54,0.0,32107.07,11558.55,0.36000014949978304,Jun,6
ORD-001270,2025-04-07,CUST-0284,Budget,South,Marketplace,Monitor,Electronics,1,19387.76,0.2,15510.21,1473.47,0.09500000322368299,Apr,4
ORD-001271,2025-01-17,CUST-0338,Premium,South,Mobile App,Office Chair,Furniture,2,12870.25,0.0,25740.5,8751.77,0.34,Jan,1
ORD-001272,2025-09-21,CUST-0222,Budget,West,Mobile App,Headphones,Accessories,1,3483.14,0.2,2786.51,543.37,0.19500019737951774,Sep,9
ORD-001273,2025-12-25,CUST-0196,Regular,North,Marketplace,Smartwatch,Lifestyle,2,7477.42,0.05,14207.1,5518.34,0.3884212823165882,Dec,12
ORD-001274,2025-06-20,CUST-0044,Regular,East,Website,Monitor,Electronics,1,18216.04,0.1,16394.44,3606.78,0.22000019518812478,Jun,6
ORD-001275,2025-07-27,CUST-0118,Regular,East,Website,Backpack,Lifestyle,2,2638.77,0.05,5013.66,2316.84,0.4621055276983282,Jul,7
ORD-001276,2025-08-14,CUST-0230,Regular,North,Website,Office Chair,Furniture,1,12129.45,0.05,11522.98,3384.12,0.2936844462109628,Aug,8
ORD-001277,2025-06-16,CUST-0002,Budget,West,Marketplace,Headphones,Accessories,1,3398.86,0.05,3228.92,1152.21,0.3568406773781946,Jun,6
ORD-001278,2025-02-01,CUST-0201,Premium,North,Website,Desk,Furniture,1,14971.67,0.1,13474.5,3563.26,0.26444469182529967,Feb,2
ORD-001279,2025-07-31,CUST-0138,Regular,East,Mobile App,Smartwatch,Lifestyle,1,7800.7,0.05,7410.67,2878.46,0.3884210199617578,Jul,7
ORD-001280,2025-07-13,CUST-0083,Regular,East,Website,Desk,Furniture,1,14305.19,0.1,12874.67,3404.64,0.26444483625599724,Jul,7
ORD-001281,2025-01-10,CUST-0098,Regular,South,Mobile App,Monitor,Electronics,2,18364.16,0.05,34891.9,9512.63,0.27263147034125396,Jan,1
ORD-001282,2025-02-01,CUST-0055,Regular,East,Mobile App,Backpack,Lifestyle,1,2787.84,0.1,2509.05,1053.8,0.4199996014427771,Feb,2
ORD-001283,2025-02-06,CUST-0347,Budget,North,Website,Keyboard,Accessories,3,2596.25,0.05,7399.33,3029.83,0.40947356044398614,Feb,2
ORD-001284,2025-10-03,CUST-0326,Regular,West,Marketplace,Monitor,Electronics,1,17286.45,0.0,17286.45,5531.66,0.31999976860488993,Oct,10
ORD-001285,2025-11-14,CUST-0394,Budget,East,Website,Keyboard,Accessories,1,2313.1,0.2,1850.48,476.5,0.25750075656046,Nov,11
ORD-001286,2025-12-06,CUST-0089,Premium,East,Mobile App,Monitor,Electronics,1,16919.46,0.15,14381.54,2317.97,0.1611767585390716,Dec,12
ORD-001287,2025-09-12,CUST-0104,Budget,North,Marketplace,Backpack,Lifestyle,3,2737.65,0.05,7802.29,3605.48,0.46210535624797333,Sep,9
ORD-001288,2025-01-27,CUST-0241,Budget,East,Website,Mouse,Accessories,1,1150.0,0.15,977.5,341.55,0.34941176470588237,Jan,1
ORD-001289,2025-07-13,CUST-0301,Budget,North,Mobile App,Mouse,Accessories,1,1249.87,0.0,1249.87,599.94,0.48000192019970084,Jul,7
ORD-001290,2025-09-11,CUST-0335,Regular,South,Marketplace,Monitor,Electronics,1,18817.78,0.1,16936.0,3725.92,0.22,Sep,9
ORD-001291,2025-05-11,CUST-0322,Regular,South,Mobile App,Desk,Furniture,2,15396.97,0.1,27714.55,7328.96,0.2644444885448257,May,5
ORD-001292,2025-06-16,CUST-0248,Regular,South,Mobile App,Mouse,Accessories,2,1298.82,0.05,2467.76,1088.41,0.44105180406522515,Jun,6
ORD-001293,2025-09-11,CUST-0324,Regular,North,Marketplace,Mouse,Accessories,1,1214.94,0.2,971.95,286.73,0.29500488708266887,Sep,9
ORD-001294,2025-11-18,CUST-0328,Budget,West,Website,Monitor,Electronics,2,18983.9,0.0,37967.8,12149.7,0.32000010535243023,Nov,11
ORD-001295,2025-09-09,CUST-0021,Budget,South,Website,Office Chair,Furniture,2,12547.84,0.1,22586.12,5470.86,0.24222221435111474,Sep,9
ORD-001296,2025-09-26,CUST-0037,Regular,North,Marketplace,Office Chair,Furniture,1,12161.56,0.0,12161.56,4134.93,0.3399999671094827,Sep,9
ORD-001297,2025-07-24,CUST-0372,Regular,East,Mobile App,Office Chair,Furniture,2,11771.57,0.1,21188.82,5132.4,0.24222207749180935,Jul,7
ORD-001298,2025-02-11,CUST-0199,Budget,South,Mobile App,Laptop,Electronics,2,66629.37,0.0,133258.73,35979.86,0.27000002176217647,Feb,2
ORD-001299,2025-02-25,CUST-0395,Regular,North,Marketplace,Desk,Furniture,1,13897.65,0.0,13897.65,5003.15,0.35999971218155585,Feb,2
ORD-001300,2025-03-12,CUST-0343,Premium,West,Website,Monitor,Electronics,2,18481.84,0.15,31419.13,5064.03,0.16117664620248873,Mar,3
ORD-001301,2025-01-26,CUST-0078,Budget,South,Website,Keyboard,Accessories,2,2540.86,0.0,5081.72,2286.77,0.4499992128649355,Jan,1
ORD-001302,2025-11-26,CUST-0155,Budget,West,Website,Keyboard,Accessories,1,2663.8,0.0,2663.8,1198.71,0.44999999999999996,Nov,11
ORD-001303,2025-01-09,CUST-0351,Regular,East,Mobile App,Laptop,Electronics,2,64075.07,0.0,128150.15,34600.54,0.26999999609832687,Jan,1
ORD-001304,2025-02-25,CUST-0110,Budget,West,Website,Office Chair,Furniture,4,11991.83,0.2,38373.86,4604.86,0.11999991660990059,Feb,2
ORD-001305,2025-01-20,CUST-0104,Budget,North,Website,Smartwatch,Lifestyle,3,7639.46,0.05,21772.46,8456.88,0.38842096850792235,Jan,1
ORD-001306,2025-08-31,CUST-0185,Budget,South,Website,Smartwatch,Lifestyle,1,8728.16,0.05,8291.75,3220.69,0.3884210208942624,Aug,8
ORD-001307,2025-12-23,CUST-0396,Budget,East,Website,Headphones,Accessories,2,3415.4,0.2,5464.64,1065.6,0.19499912162557823,Dec,12
ORD-001308,2025-02-28,CUST-0234,Regular,West,Website,Office Chair,Furniture,3,11706.89,0.0,35120.68,11941.03,0.3399999658320967,Feb,2
ORD-001309,2025-03-20,CUST-0234,Regular,West,Mobile App,Monitor,Electronics,3,19549.54,0.0,58648.63,18767.56,0.31999997271888536,Mar,3
ORD-001310,2025-08-04,CUST-0121,Regular,West,Mobile App,Smartphone,Electronics,3,31676.79,0.0,95030.36,20906.68,0.22000000841836231,Aug,8
ORD-001311,2025-04-05,CUST-0109,Premium,North,Website,Smartwatch,Lifestyle,1,7709.47,0.05,7323.99,2844.79,0.38842079249152445,Apr,4
ORD-001312,2025-06-20,CUST-0337,Budget,East,Mobile App,Keyboard,Accessories,1,2502.0,0.0,2502.0,1125.9,0.45,Jun,6
ORD-001313,2025-02-04,CUST-0219,Budget,East,Website,Backpack,Lifestyle,1,2778.95,0.05,2640.0,1219.96,0.46210606060606063,Feb,2
ORD-001314,2025-12-02,CUST-0021,Budget,South,Marketplace,Laptop,Electronics,1,69096.77,0.1,62187.09,10226.32,0.16444442085969935,Dec,12
ORD-001315,2025-06-21,CUST-0051,Regular,North,Mobile App,Backpack,Lifestyle,1,2689.27,0.05,2554.81,1180.59,0.46210481405662257,Jun,6
ORD-001316,2025-01-23,CUST-0349,Budget,North,Mobile App,Office Chair,Furniture,2,12733.1,0.15,21646.27,3998.19,0.18470572528200008,Jan,1
ORD-001317,2025-03-27,CUST-0323,Budget,West,Website,Laptop,Electronics,2,70930.37,0.05,134767.7,29648.89,0.21999997031929755,Mar,3
ORD-001318,2025-02-13,CUST-0232,Regular,East,Website,Office Chair,Furniture,1,10855.5,0.05,10312.72,3028.68,0.29368391656129517,Feb,2
ORD-001319,2025-03-16,CUST-0296,Budget,South,Website,Smartwatch,Lifestyle,1,8778.53,0.2,7022.82,1632.81,0.23250061940929712,Mar,3
ORD-001320,2025-09-05,CUST-0371,Regular,West,Website,Desk,Furniture,2,14572.74,0.05,27688.2,8714.5,0.3147369637607356,Sep,9
ORD-001321,2025-05-16,CUST-0151,Regular,West,Website,Backpack,Lifestyle,1,2771.01,0.05,2632.46,1216.47,0.46210388761842536,May,5
ORD-001322,2025-05-28,CUST-0059,Regular,East,Marketplace,Keyboard,Accessories,2,2427.22,0.1,4369.0,1592.26,0.36444495307850766,May,5
ORD-001323,2025-01-12,CUST-0270,Budget,North,Website,Keyboard,Accessories,1,2359.54,0.1,2123.58,773.93,0.3644458885466994,Jan,1
ORD-001324,2025-12-02,CUST-0075,Budget,West,Mobile App,Mouse,Accessories,1,1314.06,0.15,1116.95,390.28,0.349415819866601,Dec,12
ORD-001325,2025-04-21,CUST-0063,Premium,South,Website,Monitor,Electronics,3,17873.38,0.2,42896.11,4075.13,0.09499998950953828,Apr,4
ORD-001326,2025-09-13,CUST-0263,Regular,East,Mobile App,Monitor,Electronics,1,17512.97,0.1,15761.67,3467.57,0.2200001649571397,Sep,9
ORD-001327,2025-12-19,CUST-0193,Budget,North,Website,Mouse,Accessories,2,1144.45,0.05,2174.46,959.05,0.4410520313089226,Dec,12
ORD-001328,2025-12-25,CUST-0168,Regular,West,Website,Smartphone,Electronics,1,33370.88,0.0,33370.88,7341.59,0.21999989212151436,Dec,12
ORD-001329,2025-07-01,CUST-0013,Premium,South,Marketplace,Laptop,Electronics,2,68794.2,0.05,130708.98,28755.98,0.22000003366256857,Jul,7
ORD-001330,2025-07-04,CUST-0069,Regular,South,Website,Keyboard,Accessories,2,2491.36,0.05,4733.59,1938.28,0.4094735707993299,Jul,7
ORD-001331,2025-09-02,CUST-0386,Regular,South,Website,Desk,Furniture,1,15012.62,0.05,14261.99,4488.77,0.3147365830434603,Sep,9
ORD-001332,2025-03-15,CUST-0276,Premium,North,Website,Headphones,Accessories,2,3654.99,0.15,6213.49,1586.27,0.2552945285177895,Mar,3
ORD-001333,2025-10-13,CUST-0140,Budget,North,Marketplace,Smartwatch,Lifestyle,2,8100.73,0.05,15391.39,5978.34,0.38842105878676325,Oct,10
ORD-001334,2025-10-06,CUST-0008,Premium,West,Mobile App,Smartphone,Electronics,1,33792.75,0.15,28723.84,1250.33,0.04352934705109066,Oct,10
ORD-001335,2025-11-26,CUST-0237,Regular,South,Website,Headphones,Accessories,2,3567.23,0.0,7134.46,2853.78,0.39999943934088916,Nov,11
ORD-001336,2025-02-27,CUST-0063,Premium,South,Website,Monitor,Electronics,2,18711.49,0.05,35551.84,9692.55,0.27263145873743805,Feb,2
ORD-001337,2025-11-18,CUST-0053,Budget,South,Mobile App,Smartwatch,Lifestyle,1,8081.12,0.2,6464.9,1503.09,0.2325001160110752,Nov,11
ORD-001338,2025-09-20,CUST-0296,Budget,South,Marketplace,Smartphone,Electronics,2,31835.05,0.1,57303.09,6239.67,0.10888889237910208,Sep,9
ORD-001339,2025-02-04,CUST-0241,Budget,East,Website,Headphones,Accessories,2,3213.56,0.0,6427.11,2570.85,0.4000009335455594,Feb,2
ORD-001340,2025-07-31,CUST-0389,Premium,East,Website,Monitor,Electronics,1,16753.33,0.1,15078.0,3317.16,0.22,Jul,7
ORD-001341,2025-04-14,CUST-0102,Budget,East,Mobile App,Desk,Furniture,3,14959.7,0.05,42635.14,13418.85,0.3147368579064124,Apr,4
ORD-001342,2025-10-10,CUST-0274,Regular,West,Website,Keyboard,Accessories,2,2565.59,0.1,4618.06,1683.03,0.3644452432406681,Oct,10
ORD-001343,2025-12-08,CUST-0384,Regular,South,Website,Mouse,Accessories,1,1234.53,0.1,1111.08,441.96,0.3977751377038557,Dec,12
ORD-001344,2025-04-01,CUST-0333,Regular,North,Mobile App,Backpack,Lifestyle,2,2922.77,0.05,5553.26,2566.19,0.4621051418446102,Apr,4
ORD-001345,2025-03-24,CUST-0332,Budget,West,Mobile App,Backpack,Lifestyle,1,3115.31,0.05,2959.55,1367.62,0.46210403608656714,Mar,3
ORD-001346,2025-01-18,CUST-0130,Budget,North,Marketplace,Smartwatch,Lifestyle,1,7563.29,0.1,6806.96,2329.49,0.3422217847614794,Jan,1
ORD-001347,2025-04-06,CUST-0248,Regular,South,Mobile App,Desk,Furniture,1,16262.41,0.1,14636.17,3870.45,0.26444418177706325,Apr,4
ORD-001348,2025-10-05,CUST-0120,Regular,East,Mobile App,Smartwatch,Lifestyle,1,8013.36,0.1,7212.02,2468.11,0.3422217353806562,Oct,10
ORD-001349,2025-05-07,CUST-0302,Regular,South,Mobile App,Keyboard,Accessories,1,2587.72,0.1,2328.94,848.77,0.3644447688648054,May,5
ORD-001350,2025-05-29,CUST-0137,Regular,South,Mobile App,Smartwatch,Lifestyle,3,9043.38,0.1,24417.11,8356.08,0.34222231869373565,May,5
ORD-001351,2025-04-11,CUST-0400,Regular,East,Mobile App,Keyboard,Accessories,4,2592.33,0.05,9850.87,4033.67,0.40947347797707206,Apr,4
ORD-001352,2025-03-15,CUST-0026,Budget,North,Website,Smartwatch,Lifestyle,2,7761.39,0.0,15522.79,6674.8,0.4300000193264226,Mar,3
ORD-001353,2025-05-19,CUST-0083,Regular,East,Mobile App,Office Chair,Furniture,1,11896.04,0.15,10111.63,1867.68,0.1847061255208112,May,5
ORD-001354,2025-12-07,CUST-0026,Budget,North,Website,Backpack,Lifestyle,2,2841.94,0.0,5683.89,2841.94,0.4999991203207662,Dec,12
ORD-001355,2025-04-23,CUST-0143,Regular,West,Website,Office Chair,Furniture,1,11743.79,0.0,11743.79,3992.89,0.3400001192119409,Apr,4
ORD-001356,2025-06-10,CUST-0192,Budget,West,Website,Headphones,Accessories,2,3664.83,0.05,6963.17,2484.75,0.35684178326825283,Jun,6
ORD-001357,2025-06-16,CUST-0328,Budget,West,Website,Desk,Furniture,2,15385.93,0.0,30771.87,11077.87,0.35999989600891985,Jun,6
ORD-001358,2025-05-22,CUST-0095,Budget,North,Marketplace,Headphones,Accessories,1,3538.45,0.15,3007.68,767.84,0.25529311628896695,May,5
ORD-001359,2025-11-15,CUST-0199,Budget,South,Marketplace,Mouse,Accessories,1,1176.58,0.15,1000.09,349.44,0.34940855323020925,Nov,11
ORD-001360,2025-06-27,CUST-0199,Budget,South,Marketplace,Keyboard,Accessories,2,2711.61,0.05,5152.06,2109.63,0.4094731039622986,Jun,6
ORD-001361,2025-04-13,CUST-0178,Regular,South,Website,Smartphone,Electronics,3,35199.41,0.1,95038.42,10348.63,0.1088889104006569,Apr,4
ORD-001362,2025-04-12,CUST-0165,Budget,South,Mobile App,Smartphone,Electronics,2,34755.08,0.0,69510.16,15292.24,0.2200000690546533,Apr,4
ORD-001363,2025-06-06,CUST-0302,Regular,South,Website,Monitor,Electronics,1,18283.7,0.1,16455.33,3620.17,0.21999984199648379,Jun,6
ORD-001364,2025-09-04,CUST-0205,Regular,East,Website,Laptop,Electronics,1,64215.92,0.0,64215.92,17338.3,0.27000002491593983,Sep,9
ORD-001365,2025-06-14,CUST-0286,Budget,East,Marketplace,Headphones,Accessories,1,3177.35,0.05,3018.48,1077.12,0.35684185417826186,Jun,6
ORD-001366,2025-12-24,CUST-0040,Regular,East,Website,Backpack,Lifestyle,1,2684.59,0.1,2416.13,1014.78,0.42000223497907807,Dec,12
ORD-001367,2025-09-03,CUST-0372,Regular,East,Mobile App,Monitor,Electronics,2,18572.51,0.1,33430.51,7354.71,0.2199999341918505,Sep,9
ORD-001368,2025-05-24,CUST-0374,Budget,West,Marketplace,Mouse,Accessories,1,1164.25,0.1,1047.82,416.8,0.3977782443549465,May,5
ORD-001369,2025-06-24,CUST-0252,Budget,South,Website,Backpack,Lifestyle,2,2913.0,0.2,4660.8,1491.46,0.3200008582217645,Jun,6
ORD-001370,2025-03-25,CUST-0178,Regular,South,Mobile App,Mouse,Accessories,1,1259.9,0.15,1070.92,374.19,0.3494098532103238,Mar,3
ORD-001371,2025-02-12,CUST-0127,Regular,East,Marketplace,Office Chair,Furniture,2,11710.06,0.1,21078.11,5105.59,0.24222238141844785,Feb,2
ORD-001372,2025-08-20,CUST-0370,Budget,North,Website,Laptop,Electronics,1,66111.73,0.05,62806.15,13817.35,0.2199999522339771,Aug,8
ORD-001373,2025-11-06,CUST-0362,Regular,West,Marketplace,Smartphone,Electronics,1,32394.66,0.0,32394.66,7126.82,0.2199998394797167,Nov,11
ORD-001374,2025-05-11,CUST-0262,Regular,South,Website,Backpack,Lifestyle,2,2879.68,0.2,4607.48,1474.39,0.31999921866182823,May,5
ORD-001375,2025-05-01,CUST-0120,Regular,East,Website,Mouse,Accessories,1,1114.54,0.15,947.36,331.02,0.3494131058942746,May,5
ORD-001376,2025-11-07,CUST-0054,Regular,South,Marketplace,Backpack,Lifestyle,2,2857.91,0.05,5430.04,2509.25,0.46210525152669224,Nov,11
ORD-001377,2025-01-16,CUST-0191,Budget,West,Website,Office Chair,Furniture,2,12969.52,0.1,23345.13,5654.71,0.2422222536349123,Jan,1
ORD-001378,2025-10-12,CUST-0230,Regular,North,Website,Headphones,Accessories,2,3401.31,0.05,6462.5,2306.09,0.35684177949709867,Oct,10
ORD-001379,2025-01-12,CUST-0386,Regular,South,Mobile App,Smartwatch,Lifestyle,3,8391.97,0.1,22658.32,7754.18,0.3422221947611297,Jan,1
ORD-001380,2025-02-03,CUST-0187,Regular,West,Mobile App,Smartwatch,Lifestyle,1,8070.35,0.1,7263.32,2485.67,0.342222289531509,Feb,2
ORD-001381,2025-01-18,CUST-0240,Regular,South,Marketplace,Smartphone,Electronics,1,31677.57,0.0,31677.57,6969.07,0.2200001452131587,Jan,1
ORD-001382,2025-09-15,CUST-0258,Premium,East,Mobile App,Headphones,Accessories,1,3405.75,0.15,2894.89,739.05,0.2552946744090449,Sep,9
ORD-001383,2025-04-28,CUST-0192,Budget,West,Website,Office Chair,Furniture,1,12576.8,0.05,11947.96,3508.93,0.29368444487594536,Apr,4
ORD-001384,2025-01-20,CUST-0078,Budget,South,Website,Mouse,Accessories,2,1301.95,0.1,2343.51,932.2,0.3977793992771526,Jan,1
ORD-001385,2025-11-02,CUST-0368,Regular,North,Marketplace,Desk,Furniture,3,14030.23,0.1,37881.63,10017.59,0.2644445341977101,Nov,11
ORD-001386,2025-12-02,CUST-0273,Budget,West,Website,Laptop,Electronics,2,63649.75,0.1,114569.56,18840.33,0.1644444650044916,Dec,12
ORD-001387,2025-12-19,CUST-0365,Premium,North,Mobile App,Desk,Furniture,2,14405.74,0.05,27370.91,8614.63,0.31473670404089593,Dec,12
ORD-001388,2025-01-09,CUST-0078,Budget,South,Website,Mouse,Accessories,3,1323.6,0.0,3970.8,1905.98,0.4799989926463181,Jan,1
ORD-001389,2025-07-07,CUST-0246,Regular,East,Website,Laptop,Electronics,1,59044.99,0.05,56092.74,12340.4,0.21999995008266668,Jul,7
ORD-001390,2025-01-29,CUST-0270,Budget,North,Mobile App,Desk,Furniture,1,14966.28,0.0,14966.28,5387.86,0.3599999465465032,Jan,1
ORD-001391,2025-08-22,CUST-0161,Regular,West,Marketplace,Smartphone,Electronics,1,33443.26,0.1,30098.94,3277.44,0.10888888445905405,Aug,8
ORD-001392,2025-10-09,CUST-0267,Premium,North,Website,Laptop,Electronics,1,63447.31,0.1,57102.58,9390.2,0.16444440864143092,Oct,10
ORD-001393,2025-10-12,CUST-0068,Regular,North,Mobile App,Smartphone,Electronics,1,33566.1,0.0,33566.1,7384.54,0.21999994041607457,Oct,10
ORD-001394,2025-07-08,CUST-0149,Regular,North,Website,Monitor,Electronics,1,18258.57,0.15,15519.79,2501.42,0.16117614993501844,Jul,7
ORD-001395,2025-10-19,CUST-0064,Budget,East,Marketplace,Laptop,Electronics,1,61299.46,0.15,52104.54,5333.05,0.10235288518044686,Oct,10
ORD-001396,2025-06-23,CUST-0387,Premium,East,Website,Laptop,Electronics,1,64813.21,0.1,58331.89,9592.36,0.16444452597027115,Jun,6
ORD-001397,2025-10-23,CUST-0071,Regular,West,Website,Desk,Furniture,1,14763.7,0.1,13287.33,3513.76,0.26444439928864566,Oct,10
ORD-001398,2025-10-22,CUST-0220,Regular,North,Website,Keyboard,Accessories,1,2606.66,0.1,2345.99,854.98,0.3644431561941867,Oct,10
ORD-001399,2025-01-04,CUST-0390,Regular,South,Mobile App,Desk,Furniture,2,16082.16,0.2,25731.45,3731.06,0.14499999028426303,Jan,1
ORD-001400,2025-10-01,CUST-0194,Budget,North,Mobile App,Backpack,Lifestyle,3,2894.34,0.05,8248.88,3811.85,0.4621051585184898,Oct,10
ORD-001401,2025-01-11,CUST-0330,Regular,East,Website,Desk,Furniture,1,14431.38,0.1,12988.24,3434.67,0.26444460527369373,Jan,1
ORD-001402,2025-03-09,CUST-0303,Budget,East,Mobile App,Keyboard,Accessories,3,2405.13,0.0,7215.4,3246.93,0.45,Mar,3
ORD-001403,2025-08-08,CUST-0339,Budget,East,Marketplace,Monitor,Electronics,1,17138.13,0.05,16281.22,4438.78,0.27263190350600264,Aug,8
ORD-001404,2025-11-24,CUST-0383,Budget,South,Mobile App,Smartwatch,Lifestyle,1,8932.29,0.0,8932.29,3840.88,0.4299994738191438,Nov,11
ORD-001405,2025-06-24,CUST-0227,Budget,East,Website,Backpack,Lifestyle,1,2748.0,0.1,2473.2,1038.75,0.42000242600679283,Jun,6
ORD-001406,2025-11-11,CUST-0154,Premium,West,Mobile App,Monitor,Electronics,2,19134.03,0.05,36354.65,9911.43,0.2726316991086422,Nov,11
ORD-001407,2025-05-10,CUST-0083,Regular,East,Website,Keyboard,Accessories,1,2484.05,0.2,1987.24,511.71,0.2574978361949236,May,5
ORD-001408,2025-12-26,CUST-0151,Regular,West,Website,Smartphone,Electronics,2,33981.98,0.1,61167.56,6660.47,0.10888892739877151,Dec,12
ORD-001409,2025-03-14,CUST-0347,Budget,North,Website,Desk,Furniture,3,15141.81,0.0,45425.43,16353.16,0.36000011447332475,Mar,3
ORD-001410,2025-01-04,CUST-0236,Budget,East,Website,Smartwatch,Lifestyle,1,8007.44,0.0,8007.44,3443.2,0.43000009990708643,Jan,1
ORD-001411,2025-02-13,CUST-0041,Premium,South,Marketplace,Smartphone,Electronics,1,32374.85,0.0,32374.85,7122.47,0.22000009266452203,Feb,2
ORD-001412,2025-01-05,CUST-0289,Regular,South,Website,Backpack,Lifestyle,3,2855.96,0.05,8139.49,3761.3,0.46210511960823103,Jan,1
ORD-001413,2025-10-19,CUST-0063,Premium,South,Marketplace,Smartphone,Electronics,2,31011.4,0.0,62022.8,13645.02,0.22000006449241247,Oct,10
ORD-001414,2025-07-11,CUST-0341,Budget,South,Marketplace,Laptop,Electronics,2,68370.95,0.15,116230.62,11896.55,0.10235297721030827,Jul,7
ORD-001415,2025-08-17,CUST-0191,Budget,West,Website,Smartwatch,Lifestyle,1,8422.37,0.0,8422.37,3621.62,0.4300001068582833,Aug,8
ORD-001416,2025-06-08,CUST-0321,Premium,North,Website,Backpack,Lifestyle,1,2695.72,0.1,2426.15,1018.98,0.4199987634729922,Jun,6
ORD-001417,2025-07-09,CUST-0144,Budget,East,Website,Laptop,Electronics,1,63314.88,0.1,56983.39,9370.6,0.16444441090640624,Jul,7
ORD-001418,2025-10-18,CUST-0242,Budget,West,Website,Smartwatch,Lifestyle,1,8426.25,0.1,7583.63,2595.29,0.34222265590488987,Oct,10
ORD-001419,2025-02-18,CUST-0187,Regular,West,Website,Desk,Furniture,2,15839.67,0.15,26927.44,5607.24,0.20823516828929894,Feb,2
ORD-001420,2025-09-15,CUST-0312,Budget,South,Marketplace,Desk,Furniture,1,15695.6,0.05,14910.82,4692.99,0.31473721767146273,Sep,9
ORD-001421,2025-05-20,CUST-0159,Regular,East,Website,Smartwatch,Lifestyle,1,7591.11,0.2,6072.89,1411.95,0.23250050634870711,May,5
ORD-001422,2025-03-01,CUST-0186,Budget,West,Website,Mouse,Accessories,1,1223.07,0.05,1161.91,512.47,0.4410582575242489,Mar,3
ORD-001423,2025-01-30,CUST-0106,Budget,North,Mobile App,Smartwatch,Lifestyle,1,7869.83,0.15,6689.35,1943.85,0.29058877170427616,Jan,1
ORD-001424,2025-03-23,CUST-0291,Premium,West,Marketplace,Monitor,Electronics,2,18486.02,0.15,31426.23,5065.17,0.16117650764981992,Mar,3
ORD-001425,2025-03-17,CUST-0358,Budget,South,Marketplace,Headphones,Accessories,3,3487.28,0.0,10461.85,4184.74,0.39999999999999997,Mar,3
ORD-001426,2025-04-02,CUST-0013,Premium,South,Website,Monitor,Electronics,1,17940.95,0.05,17043.9,4646.71,0.2726318506914497,Apr,4
ORD-001427,2025-02-01,CUST-0027,Budget,West,Mobile App,Office Chair,Furniture,2,12533.14,0.15,21306.35,3935.41,0.18470596793913552,Feb,2
ORD-001428,2025-04-14,CUST-0145,Regular,East,Website,Smartphone,Electronics,2,31556.9,0.0,63113.8,13885.04,0.22000006337758146,Apr,4
ORD-001429,2025-06-30,CUST-0009,Budget,West,Website,Headphones,Accessories,3,3622.97,0.1,9782.01,3021.55,0.30888845952927874,Jun,6
ORD-001430,2025-10-27,CUST-0143,Regular,West,Website,Smartphone,Electronics,2,34195.99,0.1,61552.78,6702.41,0.10888882679222611,Oct,10
ORD-001431,2025-01-17,CUST-0014,Regular,South,Website,Backpack,Lifestyle,2,3068.02,0.0,6136.04,3068.02,0.5,Jan,1
ORD-001432,2025-11-17,CUST-0069,Regular,South,Website,Headphones,Accessories,2,3498.25,0.1,6296.86,1945.03,0.30888887477250565,Nov,11
ORD-001433,2025-10-16,CUST-0082,Regular,South,Mobile App,Monitor,Electronics,1,19892.14,0.0,19892.14,6365.48,0.3199997586986619,Oct,10
ORD-001434,2025-02-28,CUST-0092,Regular,East,Marketplace,Headphones,Accessories,2,3384.57,0.2,5415.32,1055.99,0.19500048011936508,Feb,2
ORD-001435,2025-03-17,CUST-0328,Budget,West,Website,Smartwatch,Lifestyle,2,8623.32,0.05,16384.32,6364.01,0.38842075838362533,Mar,3
ORD-001436,2025-08-21,CUST-0361,Regular,East,Website,Smartwatch,Lifestyle,1,7871.24,0.05,7477.68,2904.49,0.38842127504787577,Aug,8
ORD-001437,2025-09-14,CUST-0051,Regular,North,Website,Monitor,Electronics,1,17609.88,0.0,17609.88,5635.16,0.3199999091419135,Sep,9
ORD-001438,2025-09-07,CUST-0275,Regular,East,Website,Office Chair,Furniture,1,12088.24,0.1,10879.42,2635.24,0.2422224714185131,Sep,9
ORD-001439,2025-11-29,CUST-0185,Budget,South,Website,Headphones,Accessories,1,3503.51,0.0,3503.51,1401.4,0.3999988582878313,Nov,11
ORD-001440,2025-03-31,CUST-0168,Regular,West,Marketplace,Keyboard,Accessories,1,2589.59,0.05,2460.11,1007.35,0.40947356012536024,Mar,3
ORD-001441,2025-05-09,CUST-0089,Premium,East,Mobile App,Monitor,Electronics,1,16902.27,0.0,16902.27,5408.73,0.32000021298914283,May,5
ORD-001442,2025-11-11,CUST-0243,Regular,West,Website,Smartphone,Electronics,1,31962.01,0.1,28765.81,3132.28,0.10888899008927612,Nov,11
ORD-001443,2025-10-30,CUST-0362,Regular,West,Mobile App,Desk,Furniture,1,16182.44,0.05,15373.32,4838.55,0.31473682978042483,Oct,10
ORD-001444,2025-12-15,CUST-0149,Regular,North,Mobile App,Backpack,Lifestyle,3,2877.82,0.1,7770.12,3263.45,0.41999994852074357,Dec,12
ORD-001445,2025-02-20,CUST-0300,Regular,West,Mobile App,Headphones,Accessories,2,3784.01,0.0,7568.01,3027.2,0.3999994714594721,Feb,2
ORD-001446,2025-01-18,CUST-0277,Budget,East,Mobile App,Headphones,Accessories,1,3549.27,0.0,3549.27,1419.71,0.40000056349615554,Jan,1
ORD-001447,2025-05-26,CUST-0267,Premium,North,Mobile App,Laptop,Electronics,2,70235.79,0.15,119400.84,12221.03,0.10235296502101661,May,5
ORD-001448,2025-01-27,CUST-0124,Regular,South,Mobile App,Desk,Furniture,1,16349.12,0.2,13079.3,1896.5,0.14500011468503668,Jan,1
ORD-001449,2025-10-21,CUST-0284,Budget,South,Marketplace,Desk,Furniture,1,16149.27,0.0,16149.27,5813.74,0.3600001733824501,Oct,10
ORD-001450,2025-08-25,CUST-0365,Premium,North,Website,Smartwatch,Lifestyle,2,8317.2,0.1,14970.96,5123.4,0.34222254284294396,Aug,8
ORD-001451,2025-06-10,CUST-0081,Budget,West,Mobile App,Headphones,Accessories,1,3512.52,0.05,3336.9,1190.75,0.3568431777997543,Jun,6
ORD-001452,2025-01-02,CUST-0356,Budget,East,Website,Smartphone,Electronics,1,29205.06,0.15,24824.3,1080.59,0.0435295255052509,Jan,1
ORD-001453,2025-12-27,CUST-0104,Budget,North,Website,Desk,Furniture,1,15799.84,0.1,14219.85,3760.36,0.2644444210030345,Dec,12
ORD-001454,2025-04-03,CUST-0264,Regular,West,Website,Headphones,Accessories,1,3611.17,0.0,3611.17,1444.47,0.400000553837122,Apr,4
ORD-001455,2025-05-01,CUST-0371,Regular,West,Mobile App,Smartwatch,Lifestyle,3,8534.65,0.0,25603.95,11009.7,0.4300000585847106,May,5
ORD-001456,2025-05-05,CUST-0372,Regular,East,Mobile App,Office Chair,Furniture,2,11425.07,0.2,18280.11,2193.61,0.1199998249463488,May,5
ORD-001457,2025-06-19,CUST-0271,Budget,North,Mobile App,Office Chair,Furniture,1,11719.31,0.0,11719.31,3984.57,0.3400003925145764,Jun,6
ORD-001458,2025-06-18,CUST-0059,Regular,East,Website,Desk,Furniture,1,13687.24,0.0,13687.24,4927.41,0.36000026301869475,Jun,6
ORD-001459,2025-09-13,CUST-0062,Budget,South,Marketplace,Mouse,Accessories,2,1269.93,0.05,2412.87,1064.2,0.4410515278485787,Sep,9
ORD-001460,2025-02-25,CUST-0006,Regular,North,Marketplace,Desk,Furniture,1,13972.62,0.1,12575.36,3325.48,0.26444411929360273,Feb,2
ORD-001461,2025-11-02,CUST-0299,Budget,North,Website,Laptop,Electronics,2,68228.85,0.15,115989.04,11871.82,0.10235294645080259,Nov,11
ORD-001462,2025-08-09,CUST-0120,Regular,East,Mobile App,Smartwatch,Lifestyle,2,7862.68,0.0,15725.36,6761.91,0.4300003306760545,Aug,8
ORD-001463,2025-04-20,CUST-0092,Regular,East,Mobile App,Smartphone,Electronics,3,30177.84,0.0,90533.53,19917.38,0.22000003755514672,Apr,4
ORD-001464,2025-10-18,CUST-0297,Premium,North,Website,Backpack,Lifestyle,1,2958.12,0.05,2810.21,1298.61,0.46210425555385537,Oct,10
ORD-001465,2025-10-10,CUST-0315,Budget,West,Mobile App,Desk,Furniture,2,16622.43,0.05,31582.62,9940.22,0.31473702941681214,Oct,10
ORD-001466,2025-12-09,CUST-0400,Regular,East,Website,Laptop,Electronics,1,64824.9,0.05,61583.66,13548.4,0.21999991556201756,Dec,12
ORD-001467,2025-04-20,CUST-0081,Budget,West,Website,Smartwatch,Lifestyle,1,8429.7,0.05,8008.21,3110.56,0.3884213825561517,Apr,4
ORD-001468,2025-02-01,CUST-0006,Regular,North,Website,Monitor,Electronics,3,18445.37,0.0,55336.12,17707.56,0.3200000289142065,Feb,2
ORD-001469,2025-04-06,CUST-0239,Budget,North,Website,Laptop,Electronics,1,62471.77,0.05,59348.18,13056.6,0.22000000673988654,Apr,4
ORD-001470,2025-03-24,CUST-0046,Regular,South,Website,Backpack,Lifestyle,2,2953.99,0.05,5612.57,2593.6,0.46210559511952637,Mar,3
ORD-001471,2025-12-31,CUST-0204,Budget,East,Website,Keyboard,Accessories,3,2436.41,0.0,7309.23,3289.15,0.44999952115339104,Dec,12
ORD-001472,2025-09-11,CUST-0128,Regular,North,Website,Backpack,Lifestyle,1,2901.27,0.05,2756.21,1273.66,0.4621055725071747,Sep,9
ORD-001473,2025-10-09,CUST-0205,Regular,East,Website,Desk,Furniture,1,14859.66,0.1,13373.7,3536.6,0.2644443945953625,Oct,10
ORD-001474,2025-07-06,CUST-0093,Regular,East,Marketplace,Backpack,Lifestyle,1,2635.78,0.2,2108.62,674.76,0.3200007587901092,Jul,7
ORD-001475,2025-03-21,CUST-0059,Regular,East,Website,Monitor,Electronics,1,16389.67,0.0,16389.67,5244.69,0.3199997315382189,Mar,3
ORD-001476,2025-09-30,CUST-0398,Budget,South,Mobile App,Smartwatch,Lifestyle,3,8503.32,0.0,25509.95,10969.28,0.43000005880058567,Sep,9
ORD-001477,2025-09-18,CUST-0111,Premium,East,Mobile App,Monitor,Electronics,1,18101.86,0.05,17196.76,4688.38,0.27263158874113497,Sep,9
ORD-001478,2025-05-02,CUST-0014,Regular,South,Marketplace,Smartwatch,Lifestyle,1,7936.17,0.1,7142.55,2444.34,0.34222231555956906,May,5
ORD-001479,2025-06-20,CUST-0104,Budget,North,Website,Headphones,Accessories,1,3310.59,0.05,3145.06,1122.29,0.3568421588141403,Jun,6
ORD-001480,2025-07-06,CUST-0106,Budget,North,Website,Mouse,Accessories,2,1253.85,0.1,2256.93,897.76,0.3977792842489577,Jul,7
ORD-001481,2025-05-29,CUST-0066,Regular,North,Website,Headphones,Accessories,1,3599.96,0.0,3599.96,1439.98,0.39999888887654306,May,5
ORD-001482,2025-09-08,CUST-0132,Budget,South,Mobile App,Headphones,Accessories,1,3958.09,0.0,3958.09,1583.24,0.4000010105884404,Sep,9
ORD-001483,2025-08-16,CUST-0057,Regular,North,Marketplace,Headphones,Accessories,1,3358.02,0.0,3358.02,1343.21,0.40000059558906736,Aug,8
ORD-001484,2025-03-06,CUST-0320,Budget,North,Website,Office Chair,Furniture,2,12175.36,0.15,20698.11,3823.06,0.18470575332723616,Mar,3
ORD-001485,2025-09-26,CUST-0087,Budget,West,Website,Smartphone,Electronics,2,31208.5,0.05,59296.15,9924.3,0.1673683704591276,Sep,9
ORD-001486,2025-09-30,CUST-0185,Budget,South,Marketplace,Mouse,Accessories,1,1242.84,0.05,1180.7,520.75,0.4410519183535191,Sep,9
ORD-001487,2025-05-06,CUST-0177,Budget,South,Website,Office Chair,Furniture,1,11990.97,0.1,10791.87,2614.03,0.2422221542698346,May,5
ORD-001488,2025-01-22,CUST-0122,Regular,South,Mobile App,Backpack,Lifestyle,1,2869.05,0.0,2869.05,1434.52,0.499998257262857,Jan,1
ORD-001489,2025-07-27,CUST-0017,Premium,South,Website,Laptop,Electronics,2,67895.89,0.1,122212.61,20097.18,0.16444440553229328,Jul,7
ORD-001490,2025-07-21,CUST-0126,Premium,East,Mobile App,Smartphone,Electronics,2,31589.03,0.1,56860.26,6191.45,0.1088888795091686,Jul,7
ORD-001491,2025-07-09,CUST-0188,Regular,East,Mobile App,Office Chair,Furniture,1,12411.96,0.0,12411.96,4220.07,0.34000029004282967,Jul,7
ORD-001492,2025-01-26,CUST-0334,Premium,South,Website,Smartphone,Electronics,1,33501.98,0.05,31826.88,5326.82,0.16736858906685165,Jan,1
ORD-001493,2025-09-12,CUST-0233,Regular,West,Mobile App,Smartphone,Electronics,2,33206.81,0.1,59772.26,6508.54,0.10888897291151446,Sep,9
ORD-001494,2025-09-16,CUST-0200,Budget,East,Website,Keyboard,Accessories,1,2297.64,0.1,2067.88,753.63,0.36444571251716734,Sep,9
ORD-001495,2025-12-19,CUST-0147,Budget,North,Website,Desk,Furniture,2,15742.51,0.1,28336.51,7493.43,0.2644443511215743,Dec,12
ORD-001496,2025-02-25,CUST-0054,Regular,South,Marketplace,Smartphone,Electronics,1,32797.98,0.15,27878.28,1213.53,0.04352958647377098,Feb,2
ORD-001497,2025-05-19,CUST-0125,Budget,East,Mobile App,Smartwatch,Lifestyle,3,7506.75,0.2,18016.2,4188.77,0.2325001942696018,May,5
ORD-001498,2025-03-25,CUST-0173,Regular,East,Website,Desk,Furniture,2,14139.88,0.1,25451.78,6730.58,0.26444437284936456,Mar,3
ORD-001499,2025-06-10,CUST-0240,Regular,South,Website,Backpack,Lifestyle,1,2819.52,0.0,2819.52,1409.76,0.5,Jun,6
ORD-001500,2025-10-28,CUST-0344,Regular,North,Website,Backpack,Lifestyle,1,2926.14,0.1,2633.53,1106.08,0.41999901273196044,Oct,10
ORD-001501,2025-08-13,CUST-0366,Budget,East,Mobile App,Backpack,Lifestyle,4,2627.39,0.15,8933.13,3331.53,0.3729409512679207,Aug,8
ORD-001502,2025-02-08,CUST-0165,Budget,South,Website,Backpack,Lifestyle,1,3014.95,0.0,3014.95,1507.48,0.5000016584022953,Feb,2
ORD-001503,2025-06-14,CUST-0302,Regular,South,Website,Laptop,Electronics,2,71589.78,0.15,121702.62,12456.62,0.1023529320897118,Jun,6
ORD-001504,2025-08-20,CUST-0201,Premium,North,Mobile App,Monitor,Electronics,2,18597.22,0.0,37194.44,11902.22,0.3199999784914089,Aug,8
ORD-001505,2025-11-28,CUST-0020,Budget,North,Mobile App,Backpack,Lifestyle,1,2934.9,0.1,2641.41,1109.39,0.4199991671115049,Nov,11
ORD-001506,2025-06-06,CUST-0078,Budget,South,Website,Headphones,Accessories,2,3666.92,0.0,7333.84,2933.54,0.4000005454168621,Jun,6
ORD-001507,2025-04-07,CUST-0050,Budget,South,Website,Laptop,Electronics,1,71352.87,0.0,71352.87,19265.28,0.27000007147575145,Apr,4
ORD-001508,2025-01-19,CUST-0348,Budget,East,Mobile App,Headphones,Accessories,1,3489.26,0.1,3140.33,970.01,0.30888791942248106,Jan,1
ORD-001509,2025-01-05,CUST-0023,Regular,East,Website,Backpack,Lifestyle,2,2699.48,0.15,4589.12,1711.47,0.37294078167491806,Jan,1
ORD-001510,2025-05-27,CUST-0086,Regular,South,Mobile App,Desk,Furniture,3,16113.8,0.0,48341.4,17402.9,0.35999991725518915,May,5
ORD-001511,2025-02-07,CUST-0305,Regular,South,Marketplace,Backpack,Lifestyle,2,2882.86,0.1,5189.15,2179.44,0.41999942187063394,Feb,2
ORD-001512,2025-01-13,CUST-0175,Budget,West,Mobile App,Headphones,Accessories,2,3741.3,0.1,6734.33,2080.16,0.3088889317868296,Jan,1
ORD-001513,2025-08-14,CUST-0156,Regular,South,Marketplace,Mouse,Accessories,3,1308.85,0.0,3926.56,1884.75,0.4800003056110183,Aug,8
ORD-001514,2025-04-22,CUST-0386,Regular,South,Website,Backpack,Lifestyle,3,2795.8,0.1,7548.65,3170.43,0.4199996025779444,Apr,4
ORD-001515,2025-02-07,CUST-0207,Regular,South,Marketplace,Headphones,Accessories,1,3608.86,0.05,3428.41,1223.4,0.35684180130147797,Feb,2
ORD-001516,2025-11-16,CUST-0167,Regular,North,Mobile App,Keyboard,Accessories,4,2620.18,0.2,8384.57,2159.03,0.25750038463510955,Nov,11
ORD-001517,2025-10-21,CUST-0127,Regular,East,Mobile App,Backpack,Lifestyle,1,2666.44,0.15,2266.48,845.26,0.3729395361970986,Oct,10
ORD-001518,2025-05-29,CUST-0067,Regular,South,Website,Monitor,Electronics,1,18086.43,0.1,16277.79,3581.11,0.2199997665530763,May,5
ORD-001519,2025-01-02,CUST-0257,Budget,North,Website,Keyboard,Accessories,2,2442.62,0.2,3908.19,1006.36,0.2575002750633925,Jan,1
ORD-001520,2025-07-06,CUST-0335,Regular,South,Mobile App,Keyboard,Accessories,4,2596.5,0.1,9347.4,3406.61,0.3644446584076856,Jul,7
ORD-001521,2025-01-27,CUST-0150,Regular,South,Website,Smartphone,Electronics,1,33493.34,0.0,33493.34,7368.53,0.21999985668792663,Jan,1
ORD-001522,2025-10-25,CUST-0023,Regular,East,Website,Mouse,Accessories,1,1149.21,0.2,919.37,271.21,0.294995486039353,Oct,10
ORD-001523,2025-09-24,CUST-0043,Budget,North,Website,Smartwatch,Lifestyle,1,8215.1,0.0,8215.1,3532.49,0.4299996348188092,Sep,9
ORD-001524,2025-02-02,CUST-0231,Regular,North,Website,Desk,Furniture,1,15407.5,0.1,13866.75,3666.99,0.2644448050192006,Feb,2
ORD-001525,2025-02-18,CUST-0380,Budget,East,Website,Laptop,Electronics,1,61689.37,0.1,55520.43,9130.03,0.1644445116869592,Feb,2
ORD-001526,2025-08-16,CUST-0071,Regular,West,Mobile App,Laptop,Electronics,1,65300.76,0.0,65300.76,17631.21,0.2700000735060357,Aug,8
ORD-001527,2025-02-04,CUST-0373,Budget,East,Website,Monitor,Electronics,3,16694.38,0.15,42570.67,6861.39,0.1611764625738801,Feb,2
ORD-001528,2025-03-22,CUST-0082,Regular,South,Marketplace,Smartwatch,Lifestyle,1,7952.42,0.15,6759.56,1964.25,0.29058844066773576,Mar,3
ORD-001529,2025-11-07,CUST-0011,Premium,North,Mobile App,Headphones,Accessories,1,3376.62,0.1,3038.95,938.7,0.3088895835732737,Nov,11
ORD-001530,2025-01-12,CUST-0310,Budget,North,Website,Keyboard,Accessories,1,2413.45,0.1,2172.11,791.61,0.3644428689154785,Jan,1
ORD-001531,2025-10-03,CUST-0094,Premium,North,Website,Monitor,Electronics,4,18192.31,0.05,69130.78,18847.23,0.27263152534948976,Oct,10
ORD-001532,2025-05-16,CUST-0295,Regular,East,Website,Monitor,Electronics,1,16293.25,0.0,16293.25,5213.84,0.32,May,5
ORD-001533,2025-11-24,CUST-0381,Budget,North,Mobile App,Mouse,Accessories,1,1178.17,0.0,1178.17,565.52,0.4799986419616863,Nov,11
ORD-001534,2025-03-16,CUST-0245,Budget,South,Website,Backpack,Lifestyle,1,3060.93,0.05,2907.88,1343.75,0.46210641429495025,Mar,3
ORD-001535,2025-12-03,CUST-0369,Budget,North,Mobile App,Keyboard,Accessories,2,2594.22,0.1,4669.59,1701.81,0.36444527249715714,Dec,12
ORD-001536,2025-07-11,CUST-0230,Regular,North,Website,Mouse,Accessories,1,1267.84,0.05,1204.45,531.23,0.4410560836896509,Jul,7
ORD-001537,2025-08-22,CUST-0085,Regular,South,Mobile App,Desk,Furniture,4,16294.06,0.05,61917.44,19487.7,0.31473684958551257,Aug,8
ORD-001538,2025-03-24,CUST-0355,Budget,North,Website,Headphones,Accessories,1,3637.5,0.0,3637.5,1455.0,0.4,Mar,3
ORD-001539,2025-09-26,CUST-0141,Premium,South,Website,Smartwatch,Lifestyle,4,8414.87,0.1,30293.53,10367.12,0.34222225009762813,Sep,9
ORD-001540,2025-06-01,CUST-0284,Budget,South,Website,Desk,Furniture,1,15619.55,0.0,15619.55,5623.04,0.36000012804466197,Jun,6
ORD-001541,2025-05-05,CUST-0029,Regular,West,Website,Monitor,Electronics,1,17433.02,0.2,13946.41,1324.91,0.09500007528819245,May,5
ORD-001542,2025-11-10,CUST-0356,Budget,East,Marketplace,Mouse,Accessories,1,1074.82,0.15,913.6,319.22,0.34940893169877413,Nov,11
ORD-001543,2025-01-13,CUST-0048,Regular,North,Mobile App,Keyboard,Accessories,1,2693.88,0.1,2424.49,883.59,0.36444365619161145,Jan,1
ORD-001544,2025-10-25,CUST-0334,Premium,South,Website,Laptop,Electronics,1,65582.06,0.05,62302.96,13706.65,0.21999998073927787,Oct,10
ORD-001545,2025-07-04,CUST-0381,Budget,North,Website,Monitor,Electronics,1,18864.8,0.0,18864.8,6036.74,0.32000021203511303,Jul,7
ORD-001546,2025-08-07,CUST-0325,Budget,West,Mobile App,Laptop,Electronics,1,65170.88,0.05,61912.34,13620.71,0.2199999224710292,Aug,8
ORD-001547,2025-06-11,CUST-0102,Budget,East,Website,Smartwatch,Lifestyle,2,7864.62,0.05,14942.78,5804.09,0.3884210300894479,Jun,6
ORD-001548,2025-10-16,CUST-0306,Premium,North,Mobile App,Smartphone,Electronics,1,31844.59,0.15,27067.9,1178.25,0.04352942045744221,Oct,10
ORD-001549,2025-10-03,CUST-0116,Regular,East,Mobile App,Mouse,Accessories,3,1201.22,0.0,3603.67,1729.76,0.47999955600818056,Oct,10
ORD-001550,2025-12-06,CUST-0332,Budget,West,Mobile App,Mouse,Accessories,1,1241.53,0.2,993.22,293.0,0.2950001006826282,Dec,12
ORD-001551,2025-11-04,CUST-0241,Budget,East,Website,Smartwatch,Lifestyle,1,7351.94,0.1,6616.75,2264.4,0.34222239014621986,Nov,11
ORD-001552,2025-05-26,CUST-0225,Budget,South,Website,Mouse,Accessories,1,1209.12,0.15,1027.75,359.11,0.34941376793967405,May,5
ORD-001553,2025-05-06,CUST-0241,Budget,East,Website,Headphones,Accessories,1,3241.21,0.05,3079.15,1098.77,0.35684198561291264,May,5
ORD-001554,2025-10-05,CUST-0219,Budget,East,Website,Laptop,Electronics,1,63921.39,0.05,60725.32,13359.57,0.21999999341296184,Oct,10
ORD-001555,2025-12-20,CUST-0020,Budget,North,Marketplace,Monitor,Electronics,2,16765.41,0.05,31854.27,8684.48,0.2726315812605343,Dec,12
ORD-001556,2025-09-28,CUST-0289,Regular,South,Website,Headphones,Accessories,3,3805.5,0.1,10274.84,3173.79,0.30888948149070933,Sep,9
ORD-001557,2025-02-15,CUST-0001,Budget,South,Marketplace,Laptop,Electronics,1,70874.33,0.0,70874.33,19136.07,0.27000001269853274,Feb,2
ORD-001558,2025-04-01,CUST-0079,Budget,West,Mobile App,Laptop,Electronics,1,65230.74,0.0,65230.74,17612.3,0.2700000030660391,Apr,4
ORD-001559,2025-01-17,CUST-0099,Budget,East,Marketplace,Laptop,Electronics,4,63940.87,0.15,217398.97,22251.42,0.10235292283123512,Jan,1
ORD-001560,2025-03-11,CUST-0374,Budget,West,Website,Office Chair,Furniture,1,11705.19,0.05,11119.94,3265.75,0.2936841385834815,Mar,3
ORD-001561,2025-11-13,CUST-0200,Budget,East,Website,Monitor,Electronics,4,18100.32,0.2,57921.03,5502.5,0.09500003711950565,Nov,11
ORD-001562,2025-01-10,CUST-0303,Budget,East,Mobile App,Laptop,Electronics,1,62755.83,0.05,59618.04,13115.97,0.2200000201281357,Jan,1
ORD-001563,2025-01-28,CUST-0204,Budget,East,Website,Backpack,Lifestyle,1,2804.3,0.1,2523.87,1060.03,0.42000182259783586,Jan,1
ORD-001564,2025-12-24,CUST-0324,Regular,North,Marketplace,Smartwatch,Lifestyle,1,7396.74,0.0,7396.74,3180.6,0.430000243350449,Dec,12
ORD-001565,2025-06-16,CUST-0340,Regular,East,Marketplace,Desk,Furniture,1,13632.68,0.0,13632.68,4907.77,0.36000038143637203,Jun,6
ORD-001566,2025-01-13,CUST-0140,Budget,North,Mobile App,Backpack,Lifestyle,1,2743.89,0.1,2469.5,1037.19,0.42000000000000004,Jan,1
ORD-001567,2025-02-21,CUST-0112,Budget,East,Website,Smartphone,Electronics,1,31048.73,0.1,27943.85,3042.78,0.10888907577159197,Feb,2
ORD-001568,2025-11-23,CUST-0389,Premium,East,Mobile App,Laptop,Electronics,1,63868.44,0.0,63868.44,17244.48,0.27000001878862234,Nov,11
ORD-001569,2025-01-23,CUST-0018,Regular,West,Website,Smartphone,Electronics,2,33314.97,0.05,63298.45,10594.16,0.16736839527666159,Jan,1
ORD-001570,2025-07-24,CUST-0090,Regular,West,Marketplace,Laptop,Electronics,1,63944.41,0.1,57549.97,9463.77,0.16444439501879846,Jul,7
ORD-001571,2025-03-21,CUST-0193,Budget,North,Website,Smartphone,Electronics,3,30224.85,0.05,86140.82,14417.25,0.16736838585934055,Mar,3
ORD-001572,2025-08-24,CUST-0118,Regular,East,Mobile App,Laptop,Electronics,1,59915.51,0.1,53923.96,8867.5,0.16444452521661984,Aug,8
ORD-001573,2025-07-03,CUST-0054,Regular,South,Website,Mouse,Accessories,1,1289.78,0.0,1289.78,619.09,0.4799965885654918,Jul,7
ORD-001574,2025-09-05,CUST-0220,Regular,North,Mobile App,Laptop,Electronics,1,62604.72,0.0,62604.72,16903.27,0.2699999297177593,Sep,9
ORD-001575,2025-12-12,CUST-0043,Budget,North,Website,Backpack,Lifestyle,2,2941.62,0.05,5589.07,2582.74,0.46210550234654424,Dec,12
ORD-001576,2025-11-01,CUST-0314,Budget,South,Website,Backpack,Lifestyle,1,2945.24,0.15,2503.45,933.64,0.3729413409494897,Nov,11
ORD-001577,2025-07-21,CUST-0225,Budget,South,Marketplace,Backpack,Lifestyle,3,2913.51,0.1,7866.48,3303.92,0.4199997966053432,Jul,7
ORD-001578,2025-07-09,CUST-0353,Premium,North,Website,Smartphone,Electronics,2,32771.56,0.1,58988.81,6423.23,0.10888895707507915,Jul,7
ORD-001579,2025-10-28,CUST-0343,Premium,West,Mobile App,Smartphone,Electronics,3,33925.65,0.1,91599.26,9974.14,0.1088888709362936,Oct,10
ORD-001580,2025-06-28,CUST-0372,Regular,East,Mobile App,Keyboard,Accessories,2,2494.68,0.05,4739.89,1940.86,0.4094736375738677,Jun,6
ORD-001581,2025-04-16,CUST-0249,Budget,West,Website,Smartwatch,Lifestyle,2,8055.67,0.0,16111.33,6927.87,0.4299998820705677,Apr,4
ORD-001582,2025-04-01,CUST-0327,Regular,North,Mobile App,Desk,Furniture,1,14488.71,0.1,13039.84,3448.31,0.26444419563430227,Apr,4
ORD-001583,2025-06-24,CUST-0219,Budget,East,Mobile App,Backpack,Lifestyle,1,2871.36,0.15,2440.65,910.22,0.37294163440067196,Jun,6
ORD-001584,2025-07-31,CUST-0086,Regular,South,Website,Smartphone,Electronics,2,33267.89,0.2,53228.62,-1596.86,-0.03000002630163998,Jul,7
ORD-001585,2025-01-17,CUST-0258,Premium,East,Mobile App,Office Chair,Furniture,2,11663.0,0.15,19827.11,3662.18,0.18470568832270562,Jan,1
ORD-001586,2025-10-20,CUST-0346,Regular,West,Website,Mouse,Accessories,1,1233.97,0.2,987.18,291.22,0.2950019246743249,Oct,10
ORD-001587,2025-01-28,CUST-0179,Budget,North,Website,Backpack,Lifestyle,3,2814.56,0.15,7177.12,2676.64,0.37294067815502596,Jan,1
ORD-001588,2025-03-19,CUST-0166,Premium,South,Mobile App,Headphones,Accessories,1,3633.66,0.15,3088.61,788.5,0.255292833993285,Mar,3
ORD-001589,2025-12-09,CUST-0225,Budget,South,Website,Desk,Furniture,1,14875.46,0.15,12644.14,2632.96,0.2082355937216766,Dec,12
ORD-001590,2025-04-27,CUST-0280,Budget,East,Mobile App,Smartphone,Electronics,1,30884.52,0.1,27796.07,3026.68,0.10888877456417399,Apr,4
ORD-001591,2025-02-12,CUST-0324,Regular,North,Mobile App,Laptop,Electronics,1,68655.18,0.2,54924.14,1785.03,0.0324999171584662,Feb,2
ORD-001592,2025-09-21,CUST-0073,Budget,North,Website,Smartwatch,Lifestyle,1,7708.32,0.05,7322.91,2844.37,0.38842072345556616,Sep,9
ORD-001593,2025-11-12,CUST-0234,Regular,West,Marketplace,Mouse,Accessories,4,1261.16,0.05,4792.4,2113.7,0.44105249979133626,Nov,11
ORD-001594,2025-09-17,CUST-0252,Budget,South,Website,Backpack,Lifestyle,4,2817.2,0.1,10141.91,4259.6,0.4199997830783354,Sep,9
ORD-001595,2025-01-09,CUST-0172,Regular,North,Mobile App,Keyboard,Accessories,2,2475.74,0.05,4703.92,1926.13,0.4094733753975408,Jan,1
ORD-001596,2025-12-08,CUST-0344,Regular,North,Marketplace,Desk,Furniture,1,14994.16,0.1,13494.74,3568.61,0.26444451690065907,Dec,12
ORD-001597,2025-04-17,CUST-0111,Premium,East,Website,Smartwatch,Lifestyle,1,7446.67,0.0,7446.67,3202.07,0.43000025514760293,Apr,4
ORD-001598,2025-02-07,CUST-0390,Regular,South,Mobile App,Desk,Furniture,1,15102.22,0.05,14347.11,4515.56,0.3147365567002693,Feb,2
ORD-001599,2025-12-18,CUST-0144,Budget,East,Website,Mouse,Accessories,1,1111.36,0.15,944.66,330.07,0.3494061355408295,Dec,12
ORD-001600,2025-07-13,CUST-0318,Premium,West,Website,Smartphone,Electronics,1,31645.11,0.0,31645.11,6961.92,0.21999986727807236,Jul,7
ORD-001601,2025-10-15,CUST-0162,Regular,South,Mobile App,Smartphone,Electronics,1,33302.78,0.0,33302.78,7326.61,0.21999995195596284,Oct,10
ORD-001602,2025-01-11,CUST-0342,Budget,North,Marketplace,Desk,Furniture,1,14186.87,0.05,13477.53,4241.87,0.3147364539348085,Jan,1
ORD-001603,2025-03-18,CUST-0028,Regular,West,Marketplace,Monitor,Electronics,1,18823.45,0.1,16941.11,3727.04,0.21999975208236058,Mar,3
ORD-001604,2025-09-25,CUST-0048,Regular,North,Mobile App,Desk,Furniture,1,14478.18,0.05,13754.27,4328.98,0.3147371688937326,Sep,9
ORD-001605,2025-09-16,CUST-0374,Budget,West,Marketplace,Mouse,Accessories,1,1270.66,0.15,1080.06,377.38,0.3494065144529008,Sep,9
ORD-001606,2025-06-30,CUST-0156,Regular,South,Mobile App,Mouse,Accessories,2,1256.58,0.0,2513.16,1206.32,0.4800012732973627,Jun,6
ORD-001607,2025-11-11,CUST-0041,Premium,South,Website,Monitor,Electronics,1,19394.66,0.15,16485.46,2657.07,0.1611765762071547,Nov,11
ORD-001608,2025-06-17,CUST-0388,Regular,South,Website,Monitor,Electronics,2,17978.21,0.05,34158.6,9312.71,0.27263148958095473,Jun,6
ORD-001609,2025-07-02,CUST-0009,Budget,West,Website,Office Chair,Furniture,2,11891.97,0.0,23783.94,8086.54,0.34000001681807135,Jul,7
ORD-001610,2025-03-11,CUST-0169,Regular,North,Website,Mouse,Accessories,1,1267.84,0.05,1204.45,531.22,0.44104778114492094,Mar,3
ORD-001611,2025-04-07,CUST-0029,Regular,West,Mobile App,Mouse,Accessories,1,1191.99,0.15,1013.19,354.02,0.34941126540925194,Apr,4
ORD-001612,2025-06-16,CUST-0100,Regular,North,Website,Monitor,Electronics,2,17068.66,0.05,32430.45,8841.56,0.27263143126290257,Jun,6
ORD-001613,2025-02-12,CUST-0128,Regular,North,Mobile App,Backpack,Lifestyle,1,2688.98,0.05,2554.53,1180.46,0.4621045750098844,Feb,2
ORD-001614,2025-06-11,CUST-0342,Budget,North,Website,Office Chair,Furniture,1,11836.51,0.15,10061.04,1858.33,0.1847055572783728,Jun,6
ORD-001615,2025-08-09,CUST-0027,Budget,West,Website,Monitor,Electronics,1,19258.33,0.1,17332.5,3813.15,0.22,Aug,8
ORD-001616,2025-12-14,CUST-0362,Regular,West,Mobile App,Keyboard,Accessories,3,2767.59,0.0,8302.78,3736.25,0.4499998795584129,Dec,12
ORD-001617,2025-11-08,CUST-0224,Regular,East,Website,Headphones,Accessories,1,3271.3,0.1,2944.17,909.42,0.3088884133728691,Nov,11
ORD-001618,2025-02-19,CUST-0396,Budget,East,Website,Smartwatch,Lifestyle,3,7399.98,0.0,22199.95,9545.98,0.4300000675677197,Feb,2
ORD-001619,2025-04-13,CUST-0114,Budget,South,Mobile App,Desk,Furniture,3,15863.3,0.0,47589.89,17132.36,0.35999999159485346,Apr,4
ORD-001620,2025-01-29,CUST-0350,Regular,West,Website,Headphones,Accessories,3,3697.72,0.05,10538.51,3760.58,0.35684171671327347,Jan,1
ORD-001621,2025-08-31,CUST-0284,Budget,South,Marketplace,Keyboard,Accessories,2,2565.84,0.0,5131.68,2309.25,0.44999883079225517,Aug,8
ORD-001622,2025-05-04,CUST-0015,Premium,North,Marketplace,Smartwatch,Lifestyle,1,8283.02,0.15,7040.57,2045.91,0.2905886881317848,May,5
ORD-001623,2025-05-01,CUST-0377,Budget,North,Website,Monitor,Electronics,1,17218.06,0.1,15496.25,3409.18,0.22000032265870775,May,5
ORD-001624,2025-08-07,CUST-0165,Budget,South,Mobile App,Monitor,Electronics,1,19798.29,0.2,15838.63,1504.67,0.09500000947051608,Aug,8
ORD-001625,2025-06-13,CUST-0093,Regular,East,Marketplace,Desk,Furniture,2,13518.26,0.0,27036.53,9733.15,0.359999970410404,Jun,6
ORD-001626,2025-08-21,CUST-0282,Regular,South,Website,Desk,Furniture,2,16683.82,0.1,30030.87,7941.5,0.26444455322140187,Aug,8
ORD-001627,2025-04-24,CUST-0092,Regular,East,Mobile App,Keyboard,Accessories,1,2350.14,0.1,2115.13,770.85,0.36444568418962425,Apr,4
ORD-001628,2025-04-04,CUST-0199,Budget,South,Website,Desk,Furniture,2,16432.3,0.05,31221.36,9826.51,0.3147367699549283,Apr,4
ORD-001629,2025-06-28,CUST-0299,Budget,North,Website,Desk,Furniture,1,14605.74,0.1,13145.16,3476.17,0.2644448603136059,Jun,6
ORD-001630,2025-08-29,CUST-0113,Budget,East,Website,Backpack,Lifestyle,1,2604.57,0.05,2474.34,1143.41,0.46210706693502107,Aug,8
ORD-001631,2025-01-28,CUST-0039,Regular,North,Website,Smartwatch,Lifestyle,1,7754.97,0.05,7367.22,2861.58,0.388420598271804,Jan,1
ORD-001632,2025-05-08,CUST-0199,Budget,South,Website,Smartphone,Electronics,3,31718.64,0.05,90398.13,15129.79,0.16736839578429333,May,5
ORD-001633,2025-04-18,CUST-0244,Regular,South,Website,Desk,Furniture,1,15412.21,0.0,15412.21,5548.39,0.3599996366517197,Apr,4
ORD-001634,2025-11-01,CUST-0313,Budget,South,Website,Smartwatch,Lifestyle,1,8689.96,0.1,7820.97,2676.51,0.34222225631858966,Nov,11
ORD-001635,2025-04-29,CUST-0332,Budget,West,Website,Office Chair,Furniture,1,11654.69,0.05,11071.95,3251.66,0.2936844909884889,Apr,4
ORD-001636,2025-06-01,CUST-0221,Premium,North,Mobile App,Keyboard,Accessories,3,2604.24,0.05,7422.09,3039.15,0.40947361188021164,Jun,6
ORD-001637,2025-09-02,CUST-0119,Regular,West,Website,Smartphone,Electronics,1,31754.3,0.0,31754.3,6985.95,0.22000012596719185,Sep,9
ORD-001638,2025-12-22,CUST-0290,Budget,North,Mobile App,Laptop,Electronics,1,68239.23,0.0,68239.23,18424.59,0.269999969225913,Dec,12
ORD-001639,2025-11-07,CUST-0120,Regular,East,Website,Desk,Furniture,1,14424.88,0.0,14424.88,5192.96,0.3600002218389339,Nov,11
ORD-001640,2025-04-22,CUST-0227,Budget,East,Mobile App,Smartwatch,Lifestyle,1,8288.02,0.0,8288.02,3563.85,0.4300001689185113,Apr,4
ORD-001641,2025-09-15,CUST-0335,Regular,South,Marketplace,Backpack,Lifestyle,1,2745.09,0.05,2607.83,1205.09,0.46210450834601946,Sep,9
ORD-001642,2025-08-15,CUST-0109,Premium,North,Mobile App,Smartphone,Electronics,1,32362.97,0.1,29126.68,3171.57,0.10888882632692776,Aug,8
ORD-001643,2025-04-22,CUST-0222,Budget,West,Website,Backpack,Lifestyle,1,2855.79,0.2,2284.64,731.08,0.31999789901253595,Apr,4
ORD-001644,2025-10-14,CUST-0348,Budget,East,Website,Headphones,Accessories,2,3549.2,0.05,6743.48,2406.36,0.35684246116248586,Oct,10
ORD-001645,2025-07-12,CUST-0191,Budget,West,Website,Backpack,Lifestyle,1,2805.74,0.05,2665.46,1231.72,0.46210410210620306,Jul,7
ORD-001646,2025-01-03,CUST-0218,Regular,West,Website,Desk,Furniture,2,14862.38,0.0,29724.77,10700.92,0.36000009419753287,Jan,1
ORD-001647,2025-12-03,CUST-0328,Budget,West,Website,Office Chair,Furniture,2,12126.55,0.05,23040.45,6766.62,0.29368436814385135,Dec,12
ORD-001648,2025-04-28,CUST-0150,Regular,South,Website,Smartwatch,Lifestyle,1,8287.39,0.0,8287.39,3563.58,0.43000027753007886,Apr,4
ORD-001649,2025-09-27,CUST-0341,Budget,South,Mobile App,Mouse,Accessories,3,1341.08,0.2,3218.58,949.48,0.2949996582343767,Sep,9
ORD-001650,2025-09-23,CUST-0098,Regular,South,Website,Laptop,Electronics,2,65090.74,0.05,123672.41,27207.93,0.21999999838282444,Sep,9
ORD-001651,2025-05-17,CUST-0345,Premium,North,Website,Monitor,Electronics,2,17289.85,0.1,31121.73,6846.78,0.2199999807208661,May,5
ORD-001652,2025-07-30,CUST-0171,Regular,North,Website,Smartwatch,Lifestyle,1,7863.36,0.0,7863.36,3381.24,0.4299993895739226,Jul,7
ORD-001653,2025-05-03,CUST-0047,Regular,West,Website,Smartwatch,Lifestyle,2,8553.67,0.0,17107.35,7356.16,0.4299999707727965,May,5
ORD-001654,2025-05-14,CUST-0213,Regular,East,Mobile App,Smartwatch,Lifestyle,2,8300.63,0.0,16601.25,7138.54,0.43000015059106994,May,5
ORD-001655,2025-09-09,CUST-0115,Budget,West,Mobile App,Smartphone,Electronics,1,33225.77,0.05,31564.48,5282.9,0.16736851042691023,Sep,9
ORD-001656,2025-11-23,CUST-0329,Regular,South,Marketplace,Laptop,Electronics,1,68919.52,0.1,62027.57,10200.09,0.16444445590888052,Nov,11
ORD-001657,2025-05-02,CUST-0045,Premium,West,Website,Smartphone,Electronics,1,31718.56,0.05,30132.64,5043.25,0.16736834210344664,May,5
ORD-001658,2025-02-02,CUST-0360,Regular,North,Marketplace,Office Chair,Furniture,1,12215.39,0.0,12215.39,4153.23,0.3399997871537462,Feb,2
ORD-001659,2025-02-09,CUST-0220,Regular,North,Marketplace,Monitor,Electronics,1,16937.59,0.0,16937.59,5420.03,0.320000070848332,Feb,2
ORD-001660,2025-06-20,CUST-0387,Premium,East,Website,Desk,Furniture,3,14952.22,0.0,44856.66,16148.4,0.36000005350376063,Jun,6
ORD-001661,2025-01-25,CUST-0380,Budget,East,Mobile App,Smartphone,Electronics,1,32639.43,0.15,27743.52,1207.66,0.0435294439926873,Jan,1
ORD-001662,2025-07-15,CUST-0056,Regular,East,Mobile App,Laptop,Electronics,2,63416.94,0.0,126833.88,34245.15,0.2700000189223889,Jul,7
ORD-001663,2025-09-06,CUST-0364,Regular,East,Mobile App,Headphones,Accessories,1,3604.73,0.2,2883.78,562.34,0.1950010056245622,Sep,9
ORD-001664,2025-02-26,CUST-0337,Budget,East,Website,Keyboard,Accessories,1,2465.82,0.0,2465.82,1109.62,0.4500004055446058,Feb,2
ORD-001665,2025-12-17,CUST-0098,Regular,South,Marketplace,Headphones,Accessories,2,3579.03,0.0,7158.05,2863.22,0.39999999999999997,Dec,12
ORD-001666,2025-08-22,CUST-0379,Budget,North,Marketplace,Smartwatch,Lifestyle,1,7922.87,0.0,7922.87,3406.83,0.4299994825107568,Aug,8
ORD-001667,2025-05-07,CUST-0343,Premium,West,Website,Headphones,Accessories,1,3692.36,0.2,2953.89,576.01,0.1950004908781302,May,5
ORD-001668,2025-10-14,CUST-0255,Budget,South,Mobile App,Monitor,Electronics,1,19517.99,0.0,19517.99,6245.76,0.3200001639513085,Oct,10
ORD-001669,2025-03-30,CUST-0206,Premium,West,Marketplace,Monitor,Electronics,1,18934.17,0.1,17040.75,3748.97,0.22000029341431568,Mar,3
ORD-001670,2025-05-10,CUST-0089,Premium,East,Mobile App,Laptop,Electronics,1,66182.68,0.05,62873.55,13832.18,0.21999998409506064,May,5
ORD-001671,2025-09-02,CUST-0380,Budget,East,Website,Backpack,Lifestyle,2,2620.56,0.05,4979.07,2300.86,0.4621063772953584,Sep,9
ORD-001672,2025-11-29,CUST-0347,Budget,North,Website,Smartwatch,Lifestyle,1,8212.53,0.0,8212.53,3531.39,0.4300002557068284,Nov,11
ORD-001673,2025-08-30,CUST-0045,Premium,West,Mobile App,Smartwatch,Lifestyle,3,8587.86,0.05,24475.39,9506.76,0.3884211855255422,Aug,8
ORD-001674,2025-11-22,CUST-0380,Budget,East,Mobile App,Backpack,Lifestyle,1,2711.25,0.05,2575.69,1190.24,0.4621052999390455,Nov,11
ORD-001675,2025-12-29,CUST-0367,Budget,East,Mobile App,Monitor,Electronics,1,17501.91,0.15,14876.62,2397.76,0.16117639625129904,Dec,12
ORD-001676,2025-11-12,CUST-0194,Budget,North,Mobile App,Laptop,Electronics,1,69348.39,0.1,62413.55,10263.56,0.16444441952108155,Nov,11
ORD-001677,2025-01-30,CUST-0223,Regular,North,Website,Backpack,Lifestyle,3,2966.58,0.15,7564.79,2821.22,0.37294095407803785,Jan,1
ORD-001678,2025-08-07,CUST-0389,Premium,East,Website,Monitor,Electronics,2,17922.72,0.1,32260.9,7097.4,0.22000006199455066,Aug,8
ORD-001679,2025-04-20,CUST-0158,Regular,North,Marketplace,Mouse,Accessories,1,1195.35,0.1,1075.81,427.93,0.3977746999934933,Apr,4
ORD-001680,2025-08-14,CUST-0139,Regular,West,Website,Keyboard,Accessories,1,2708.27,0.05,2572.85,1053.52,0.409475873059059,Aug,8
ORD-001681,2025-04-03,CUST-0297,Premium,North,Marketplace,Smartphone,Electronics,2,32007.14,0.15,54412.13,2368.53,0.04352944830500111,Apr,4
ORD-001682,2025-09-28,CUST-0265,Regular,South,Website,Desk,Furniture,1,16218.36,0.0,16218.36,5838.61,0.36000002466340614,Sep,9
ORD-001683,2025-01-30,CUST-0186,Budget,West,Mobile App,Laptop,Electronics,1,70488.06,0.15,59914.85,6132.46,0.10235292252254659,Jan,1
ORD-001684,2025-08-03,CUST-0236,Budget,East,Mobile App,Smartwatch,Lifestyle,1,7959.33,0.0,7959.33,3422.51,0.42999976128643996,Aug,8
ORD-001685,2025-12-05,CUST-0146,Budget,South,Mobile App,Smartphone,Electronics,3,33251.16,0.2,79802.78,-2394.08,-0.029999957394967944,Dec,12
ORD-001686,2025-06-07,CUST-0113,Budget,East,Website,Backpack,Lifestyle,2,2619.52,0.1,4715.13,1980.36,0.42000114524944165,Jun,6
ORD-001687,2025-09-28,CUST-0068,Regular,North,Mobile App,Desk,Furniture,2,14814.57,0.1,26666.22,7051.73,0.2644443044420994,Sep,9
ORD-001688,2025-01-30,CUST-0297,Premium,North,Website,Smartphone,Electronics,1,33708.46,0.0,33708.46,7415.86,0.21999996440062822,Jan,1
ORD-001689,2025-12-17,CUST-0170,Regular,North,Marketplace,Laptop,Electronics,1,62327.74,0.05,59211.35,13026.5,0.22000005066596184,Dec,12
ORD-001690,2025-10-16,CUST-0058,Budget,East,Website,Laptop,Electronics,1,61794.85,0.2,49435.88,1606.67,0.03250007889006932,Oct,10
ORD-001691,2025-06-05,CUST-0070,Premium,North,Marketplace,Smartwatch,Lifestyle,1,7411.19,0.2,5928.95,1378.48,0.2324998524190624,Jun,6
ORD-001692,2025-10-09,CUST-0172,Regular,North,Marketplace,Keyboard,Accessories,2,2480.23,0.0,4960.47,2232.21,0.4499996976092991,Oct,10
ORD-001693,2025-12-23,CUST-0156,Regular,South,Website,Mouse,Accessories,1,1217.29,0.05,1156.43,510.04,0.4410470153835511,Dec,12
ORD-001694,2025-02-19,CUST-0053,Budget,South,Mobile App,Mouse,Accessories,2,1334.56,0.05,2535.66,1118.36,0.4410528225392994,Feb,2
ORD-001695,2025-01-12,CUST-0008,Premium,West,Website,Keyboard,Accessories,2,2556.55,0.05,4857.45,1989.0,0.4094741067844239,Jan,1
ORD-001696,2025-07-17,CUST-0256,Budget,West,Website,Desk,Furniture,1,15721.99,0.1,14149.79,3741.83,0.2644442072991896,Jul,7
ORD-001697,2025-11-02,CUST-0052,Regular,South,Website,Smartphone,Electronics,1,31840.89,0.05,30248.84,5062.7,0.16736840156515093,Nov,11
ORD-001698,2025-05-21,CUST-0248,Regular,South,Mobile App,Desk,Furniture,3,16090.16,0.1,43443.43,11488.37,0.2644443590204549,May,5
ORD-001699,2025-06-26,CUST-0233,Regular,West,Mobile App,Desk,Furniture,1,16433.92,0.0,16433.92,5916.21,0.3599999269802945,Jun,6
ORD-001700,2025-02-22,CUST-0211,Budget,North,Marketplace,Backpack,Lifestyle,1,2809.16,0.05,2668.71,1233.22,0.46210341325958987,Feb,2
ORD-001701,2025-09-27,CUST-0085,Regular,South,Website,Smartphone,Electronics,1,34399.15,0.1,30959.23,3371.12,0.10888901306653945,Sep,9
ORD-001702,2025-11-22,CUST-0047,Regular,West,Website,Backpack,Lifestyle,2,2781.99,0.1,5007.58,2103.19,0.42000127806245735,Nov,11
ORD-001703,2025-09-20,CUST-0298,Budget,West,Website,Mouse,Accessories,2,1282.81,0.05,2437.35,1075.0,0.4410527827353478,Sep,9
ORD-001704,2025-11-28,CUST-0070,Premium,North,Mobile App,Office Chair,Furniture,4,11675.14,0.1,42030.52,10180.73,0.24222231844859404,Nov,11
ORD-001705,2025-01-12,CUST-0241,Budget,East,Website,Backpack,Lifestyle,2,2833.92,0.1,5101.05,2142.44,0.41999980396192943,Jan,1
ORD-001706,2025-10-23,CUST-0269,Budget,North,Mobile App,Backpack,Lifestyle,1,2949.29,0.2,2359.43,755.02,0.320001017194831,Oct,10
ORD-001707,2025-05-24,CUST-0245,Budget,South,Website,Office Chair,Furniture,1,12638.66,0.15,10742.86,1984.27,0.18470593491863432,May,5
ORD-001708,2025-07-27,CUST-0255,Budget,South,Website,Smartwatch,Lifestyle,1,8831.67,0.05,8390.09,3258.89,0.3884213399379506,Jul,7
ORD-001709,2025-11-20,CUST-0084,Regular,West,Marketplace,Keyboard,Accessories,2,2593.94,0.05,4928.48,2018.08,0.40947310326916214,Nov,11
ORD-001710,2025-10-11,CUST-0178,Regular,South,Marketplace,Mouse,Accessories,2,1212.95,0.05,2304.6,1016.45,0.44105267725418734,Oct,10
ORD-001711,2025-08-07,CUST-0244,Regular,South,Mobile App,Desk,Furniture,1,15425.3,0.2,12340.24,1789.34,0.14500042138564564,Aug,8
ORD-001712,2025-08-31,CUST-0362,Regular,West,Marketplace,Laptop,Electronics,2,64765.69,0.1,116578.25,19170.65,0.1644444825685752,Aug,8
ORD-001713,2025-08-26,CUST-0209,Premium,West,Website,Keyboard,Accessories,1,2524.2,0.1,2271.78,827.94,0.36444550088476874,Aug,8
ORD-001714,2025-12-30,CUST-0373,Budget,East,Website,Backpack,Lifestyle,1,2612.16,0.15,2220.33,828.05,0.3729400584597785,Dec,12
ORD-001715,2025-08-23,CUST-0020,Budget,North,Website,Keyboard,Accessories,1,2403.12,0.15,2042.65,641.63,0.31411646635498003,Aug,8
ORD-001716,2025-03-03,CUST-0218,Regular,West,Website,Desk,Furniture,3,16270.54,0.1,43930.46,11617.17,0.26444453347404057,Mar,3
ORD-001717,2025-08-05,CUST-0400,Regular,East,Website,Mouse,Accessories,2,1195.17,0.2,1912.28,564.12,0.29499864036647355,Aug,8
ORD-001718,2025-12-05,CUST-0097,Regular,East,Marketplace,Monitor,Electronics,1,16553.45,0.15,14070.43,2267.82,0.1611763108874427,Dec,12
ORD-001719,2025-07-19,CUST-0104,Budget,North,Mobile App,Keyboard,Accessories,2,2559.73,0.05,4863.48,1991.47,0.4094742859022758,Jul,7
ORD-001720,2025-09-11,CUST-0136,Budget,North,Mobile App,Keyboard,Accessories,1,2521.63,0.1,2269.47,827.1,0.36444632447223363,Sep,9
ORD-001721,2025-02-14,CUST-0355,Budget,North,Marketplace,Office Chair,Furniture,1,11056.98,0.1,9951.28,2410.42,0.24222210610092368,Feb,2
ORD-001722,2025-07-18,CUST-0335,Regular,South,Mobile App,Office Chair,Furniture,1,12618.04,0.1,11356.23,2750.73,0.24222211068285868,Jul,7
ORD-001723,2025-01-07,CUST-0208,Premium,East,Website,Laptop,Electronics,1,65493.0,0.1,58943.7,9692.96,0.16444437658307842,Jan,1
ORD-001724,2025-12-29,CUST-0085,Regular,South,Website,Mouse,Accessories,1,1253.56,0.0,1253.56,601.71,0.4800009572736846,Dec,12
ORD-001725,2025-10-20,CUST-0179,Budget,North,Mobile App,Laptop,Electronics,2,65031.07,0.2,104049.72,3381.62,0.032500039404238665,Oct,10
ORD-001726,2025-01-01,CUST-0246,Regular,East,Mobile App,Office Chair,Furniture,1,12118.97,0.05,11513.02,3381.19,0.2936840203526095,Jan,1
ORD-001727,2025-12-12,CUST-0353,Premium,North,Mobile App,Smartphone,Electronics,3,32687.77,0.1,88256.98,9610.2,0.10888883802731525,Dec,12
ORD-001728,2025-12-13,CUST-0143,Regular,West,Website,Headphones,Accessories,2,3782.57,0.0,7565.14,3026.05,0.39999920688843826,Dec,12
ORD-001729,2025-05-10,CUST-0234,Regular,West,Website,Mouse,Accessories,1,1213.97,0.0,1213.97,582.71,0.48000362447177447,May,5
ORD-001730,2025-08-03,CUST-0027,Budget,West,Mobile App,Office Chair,Furniture,1,12766.36,0.0,12766.36,4340.56,0.3399998120059281,Aug,8
ORD-001731,2025-08-17,CUST-0064,Budget,East,Mobile App,Desk,Furniture,3,14051.06,0.15,35830.2,7461.11,0.20823523173189099,Aug,8
ORD-001732,2025-11-14,CUST-0177,Budget,South,Mobile App,Smartwatch,Lifestyle,1,8250.7,0.15,7013.09,2037.92,0.2905880289572785,Nov,11
ORD-001733,2025-08-02,CUST-0400,Regular,East,Website,Mouse,Accessories,3,1130.25,0.0,3390.76,1627.56,0.47999858438816073,Aug,8
ORD-001734,2025-09-10,CUST-0240,Regular,South,Mobile App,Headphones,Accessories,1,3698.56,0.0,3698.56,1479.42,0.39999891849801006,Sep,9
ORD-001735,2025-06-10,CUST-0336,Budget,South,Mobile App,Headphones,Accessories,1,3957.79,0.1,3562.01,1100.27,0.3088902052492834,Jun,6
ORD-001736,2025-08-31,CUST-0221,Premium,North,Marketplace,Laptop,Electronics,1,62832.25,0.05,59690.64,13131.94,0.21999998659756373,Aug,8
ORD-001737,2025-09-05,CUST-0187,Regular,West,Mobile App,Smartphone,Electronics,3,34173.09,0.05,97393.31,16300.57,0.16736847736256216,Sep,9
ORD-001738,2025-02-28,CUST-0349,Budget,North,Website,Headphones,Accessories,3,3453.82,0.0,10361.45,4144.58,0.39999999999999997,Feb,2
ORD-001739,2025-10-03,CUST-0353,Premium,North,Marketplace,Laptop,Electronics,1,63599.26,0.1,57239.34,9412.69,0.16444441882104163,Oct,10
ORD-001740,2025-12-09,CUST-0267,Premium,North,Mobile App,Office Chair,Furniture,1,12493.38,0.05,11868.71,3485.65,0.29368398082015656,Dec,12
ORD-001741,2025-02-25,CUST-0390,Regular,South,Mobile App,Smartwatch,Lifestyle,3,8869.91,0.15,22618.28,6572.61,0.2905884090213756,Feb,2
ORD-001742,2025-04-09,CUST-0329,Regular,South,Marketplace,Smartwatch,Lifestyle,3,8697.24,0.0,26091.72,11219.44,0.430000015330534,Apr,4
ORD-001743,2025-12-20,CUST-0004,Budget,West,Website,Backpack,Lifestyle,1,2759.47,0.0,2759.47,1379.73,0.49999818805785173,Dec,12
ORD-001744,2025-10-08,CUST-0237,Regular,South,Mobile App,Desk,Furniture,1,16861.23,0.1,15175.11,4012.97,0.2644442116070328,Oct,10
ORD-001745,2025-12-19,CUST-0145,Regular,East,Mobile App,Desk,Furniture,1,14322.39,0.05,13606.27,4282.39,0.3147365148567536,Dec,12
ORD-001746,2025-02-11,CUST-0262,Regular,South,Website,Laptop,Electronics,1,70942.45,0.15,60301.08,6171.99,0.10235289318201266,Feb,2
ORD-001747,2025-10-03,CUST-0310,Budget,North,Website,Laptop,Electronics,3,66959.24,0.05,190833.83,41983.44,0.21999998637558132,Oct,10
ORD-001748,2025-05-04,CUST-0243,Regular,West,Marketplace,Laptop,Electronics,1,67468.14,0.1,60721.33,9985.29,0.16444452056633146,May,5
ORD-001749,2025-01-14,CUST-0227,Budget,East,Website,Desk,Furniture,1,13602.87,0.0,13602.87,4897.03,0.3599997647555258,Jan,1
ORD-001750,2025-03-14,CUST-0214,Budget,North,Mobile App,Keyboard,Accessories,2,2686.46,0.05,5104.28,2090.07,0.4094740100464709,Mar,3
ORD-001751,2025-09-06,CUST-0076,Regular,East,Website,Desk,Furniture,1,14141.31,0.05,13434.24,4228.25,0.31473682173312373,Sep,9
ORD-001752,2025-08-19,CUST-0024,Budget,North,Website,Laptop,Electronics,1,66469.99,0.0,66469.99,17946.9,0.2700000406198346,Aug,8
ORD-001753,2025-07-08,CUST-0238,Budget,East,Website,Keyboard,Accessories,1,2306.41,0.1,2075.77,756.5,0.3644430741363446,Jul,7
ORD-001754,2025-07-19,CUST-0208,Premium,East,Mobile App,Office Chair,Furniture,2,11205.52,0.05,21290.49,6252.68,0.2936841754229236,Jul,7
ORD-001755,2025-09-14,CUST-0364,Regular,East,Mobile App,Desk,Furniture,2,15247.89,0.1,27446.2,7257.99,0.26444425822153883,Sep,9
ORD-001756,2025-06-13,CUST-0149,Regular,North,Mobile App,Smartphone,Electronics,1,34206.86,0.1,30786.17,3352.27,0.1088888289774272,Jun,6
ORD-001757,2025-08-21,CUST-0228,Regular,East,Website,Office Chair,Furniture,1,11158.49,0.0,11158.49,3793.89,0.3400003047007256,Aug,8
ORD-001758,2025-07-24,CUST-0140,Budget,North,Website,Backpack,Lifestyle,3,2959.06,0.15,7545.6,2814.07,0.37294184690415605,Jul,7
ORD-001759,2025-08-23,CUST-0398,Budget,South,Website,Smartwatch,Lifestyle,1,7980.35,0.1,7182.32,2457.95,0.34222229029060247,Aug,8
ORD-001760,2025-01-25,CUST-0361,Regular,East,Mobile App,Office Chair,Furniture,2,12300.32,0.2,19680.51,2361.66,0.11999993902597036,Jan,1
ORD-001761,2025-03-06,CUST-0259,Budget,East,Mobile App,Monitor,Electronics,1,18300.52,0.05,17385.5,4739.84,0.2726317908601996,Mar,3
ORD-001762,2025-03-15,CUST-0391,Regular,West,Mobile App,Backpack,Lifestyle,1,2872.7,0.1,2585.43,1085.88,0.4199997679302863,Mar,3
ORD-001763,2025-03-09,CUST-0183,Premium,East,Marketplace,Headphones,Accessories,2,3449.79,0.15,5864.65,1497.21,0.25529400731501456,Mar,3
ORD-001764,2025-10-17,CUST-0340,Regular,East,Mobile App,Smartwatch,Lifestyle,1,7805.64,0.1,7025.07,2404.14,0.34222292446908004,Oct,10
ORD-001765,2025-10-08,CUST-0055,Regular,East,Website,Office Chair,Furniture,1,10896.4,0.0,10896.4,3704.78,0.34000036709371906,Oct,10
ORD-001766,2025-09-09,CUST-0174,Budget,East,Website,Monitor,Electronics,1,17279.38,0.1,15551.44,3421.32,0.22000020576872625,Sep,9
ORD-001767,2025-06-22,CUST-0108,Budget,South,Mobile App,Backpack,Lifestyle,1,2954.8,0.0,2954.8,1477.4,0.5,Jun,6
ORD-001768,2025-09-06,CUST-0386,Regular,South,Marketplace,Smartphone,Electronics,2,33957.85,0.0,67915.69,14941.45,0.2199999734965514,Sep,9
ORD-001769,2025-04-05,CUST-0311,Budget,West,Website,Mouse,Accessories,2,1199.58,0.1,2159.24,858.9,0.39777884811322506,Apr,4
ORD-001770,2025-10-09,CUST-0267,Premium,North,Mobile App,Mouse,Accessories,1,1156.69,0.1,1041.02,414.1,0.3977829436514188,Oct,10
ORD-001771,2025-09-13,CUST-0014,Regular,South,Marketplace,Headphones,Accessories,3,3700.65,0.1,9991.75,3086.34,0.3088888332874622,Sep,9
ORD-001772,2025-08-15,CUST-0121,Regular,West,Mobile App,Headphones,Accessories,1,3701.26,0.0,3701.26,1480.5,0.3999989192869455,Aug,8
ORD-001773,2025-08-01,CUST-0356,Budget,East,Website,Office Chair,Furniture,2,11201.5,0.2,17922.4,2150.69,0.12000011159219746,Aug,8
ORD-001774,2025-03-16,CUST-0143,Regular,West,Website,Backpack,Lifestyle,1,2748.43,0.1,2473.59,1038.91,0.42000088939557484,Mar,3
ORD-001775,2025-12-21,CUST-0387,Premium,East,Website,Laptop,Electronics,1,61916.41,0.15,52628.95,5386.73,0.10235298253147744,Dec,12
ORD-001776,2025-07-13,CUST-0115,Budget,West,Website,Smartwatch,Lifestyle,1,7847.54,0.0,7847.54,3374.44,0.4299997196573703,Jul,7
ORD-001777,2025-01-09,CUST-0026,Budget,North,Mobile App,Monitor,Electronics,1,17620.04,0.0,17620.04,5638.41,0.31999984109003154,Jan,1
ORD-001778,2025-02-28,CUST-0124,Regular,South,Website,Keyboard,Accessories,1,2764.34,0.15,2349.68,738.08,0.3141193694460523,Feb,2
ORD-001779,2025-08-04,CUST-0194,Budget,North,Website,Smartphone,Electronics,1,31035.62,0.0,31035.62,6827.84,0.22000011599574942,Aug,8
ORD-001780,2025-01-11,CUST-0053,Budget,South,Website,Mouse,Accessories,1,1270.98,0.0,1270.98,610.07,0.4799996852822232,Jan,1
ORD-001781,2025-05-22,CUST-0164,Regular,North,Website,Keyboard,Accessories,2,2402.58,0.05,4564.9,1869.21,0.4094744682249338,May,5
ORD-001782,2025-07-12,CUST-0090,Regular,West,Mobile App,Mouse,Accessories,1,1273.74,0.0,1273.74,611.4,0.48000376842997783,Jul,7
ORD-001783,2025-11-20,CUST-0253,Budget,West,Marketplace,Laptop,Electronics,3,63391.39,0.1,171156.76,28145.78,0.16444445431194185,Nov,11
ORD-001784,2025-11-27,CUST-0307,Regular,West,Marketplace,Office Chair,Furniture,1,11926.93,0.0,11926.93,4055.16,0.34000031860671603,Nov,11
ORD-001785,2025-01-07,CUST-0272,Regular,West,Marketplace,Smartwatch,Lifestyle,2,7599.29,0.15,12918.8,3754.05,0.2905881351209091,Jan,1
ORD-001786,2025-08-09,CUST-0269,Budget,North,Website,Smartphone,Electronics,1,33319.76,0.05,31653.77,5297.84,0.16736837349863856,Aug,8
ORD-001787,2025-08-16,CUST-0001,Budget,South,Mobile App,Office Chair,Furniture,2,12180.77,0.05,23143.47,6796.87,0.2936841363892277,Aug,8
ORD-001788,2025-05-03,CUST-0143,Regular,West,Marketplace,Keyboard,Accessories,1,2556.21,0.05,2428.4,994.37,0.40947537473233403,May,5
ORD-001789,2025-04-02,CUST-0214,Budget,North,Website,Backpack,Lifestyle,1,2724.58,0.0,2724.58,1362.29,0.5,Apr,4
ORD-001790,2025-01-01,CUST-0220,Regular,North,Website,Office Chair,Furniture,3,11910.46,0.1,32158.25,7789.44,0.24222213584383478,Jan,1
ORD-001791,2025-03-18,CUST-0380,Budget,East,Mobile App,Smartphone,Electronics,2,29661.94,0.2,47459.1,-1423.77,-0.029999936787676127,Mar,3
ORD-001792,2025-08-10,CUST-0122,Regular,South,Marketplace,Backpack,Lifestyle,1,2916.5,0.1,2624.85,1102.44,0.4200011429224527,Aug,8
ORD-001793,2025-01-14,CUST-0269,Budget,North,Marketplace,Smartphone,Electronics,2,33215.0,0.15,56465.5,2457.91,0.04352941176470588,Jan,1
ORD-001794,2025-07-31,CUST-0339,Budget,East,Website,Laptop,Electronics,1,63562.99,0.0,63562.99,17162.01,0.2700000424775486,Jul,7
ORD-001795,2025-01-20,CUST-0208,Premium,East,Mobile App,Monitor,Electronics,1,17998.88,0.0,17998.88,5759.64,0.3199999111055799,Jan,1
ORD-001796,2025-12-27,CUST-0260,Premium,South,Website,Smartphone,Electronics,3,33038.01,0.15,84246.93,3667.22,0.04352942000379124,Dec,12
ORD-001797,2025-03-05,CUST-0147,Budget,North,Website,Desk,Furniture,2,15228.03,0.1,27410.45,7248.54,0.2644443998547999,Mar,3
ORD-001798,2025-07-12,CUST-0353,Premium,North,Mobile App,Office Chair,Furniture,1,11665.82,0.15,9915.95,1831.53,0.18470544930137806,Jul,7
ORD-001799,2025-06-01,CUST-0170,Regular,North,Website,Headphones,Accessories,1,3327.59,0.15,2828.45,722.09,0.2552953030811929,Jun,6
ORD-001800,2025-12-14,CUST-0079,Budget,West,Website,Monitor,Electronics,1,19242.94,0.0,19242.94,6157.74,0.3199999584263112,Dec,12
